tag,precision,recall,fscore,goldCount,predCount,correctPred,fileName,f * goldCount,filename,average f,average p
``,1,1,1,237,237,237,"advanced_0.0,0.5,0.5",237,,,
-LRB-,1,1,1,54,54,54,"advanced_0.0,0.5,0.5",54,,,
-RRB-,1,1,1,54,54,54,"advanced_0.0,0.5,0.5",54,,,
.,1,1,1,1485,1485,1485,"advanced_0.0,0.5,0.5",1485,,,
:,1,1,1,124,124,124,"advanced_0.0,0.5,0.5",124,,,
WRB,1,1,1,75,75,75,"advanced_0.0,0.5,0.5",75,,,
#,1,1,1,0,0,0,"advanced_0.0,0.5,0.5",0,,,
LS,1,1,1,0,0,0,"advanced_0.0,0.5,0.5",0,,,
WP$,1,1,1,14,14,14,"advanced_0.0,0.5,0.5",14,,,
",",0.998928763,1,0.999464094,1865,1867,1865,"advanced_0.0,0.5,0.5",1864.000536,,,
TO,0.997524752,1,0.998760843,806,808,806,"advanced_0.0,0.5,0.5",805.0012392,,,
$,1,0.992673993,0.996323529,273,271,271,"advanced_0.0,0.5,0.5",271.9963235,,,
PRP,0.994915254,0.984899329,0.989881956,596,590,587,"advanced_0.0,0.5,0.5",589.9696459,,,
CC,0.942093541,0.992957746,0.966857143,852,898,846,"advanced_0.0,0.5,0.5",823.7622857,,,
'',0.899224806,1,0.946938776,232,258,232,"advanced_0.0,0.5,0.5",219.6897959,,,
DT,0.88981289,0.949603803,0.918736584,3155,3367,2996,"advanced_0.0,0.5,0.5",2898.613922,,,
IN,0.898425971,0.938833205,0.918185246,3891,4066,3653,"advanced_0.0,0.5,0.5",3572.658791,,,
CD,0.982014388,0.811895911,0.888888889,1345,1112,1092,"advanced_0.0,0.5,0.5",1195.555556,,,
VBZ,0.919856459,0.8469163,0.881880734,908,836,769,"advanced_0.0,0.5,0.5",800.7477064,,,
NNS,0.923839332,0.822191272,0.870056497,2154,1917,1771,"advanced_0.0,0.5,0.5",1874.101695,,,
VBG,0.898576512,0.813204509,0.853761623,621,562,505,"advanced_0.0,0.5,0.5",530.1859679,,,
WP,1,0.734177215,0.846715328,79,58,58,"advanced_0.0,0.5,0.5",66.89051095,,,
NN,0.88490253,0.808143939,0.844783211,5280,4822,4267,"advanced_0.0,0.5,0.5",4460.455355,,,
JJS,0.796875,0.86440678,0.829268293,59,64,51,"advanced_0.0,0.5,0.5",48.92682927,,,
VB,0.780441035,0.818913481,0.799214531,994,1043,814,"advanced_0.0,0.5,0.5",794.419244,,,
RB,0.829501916,0.759649123,0.793040293,1140,1044,866,"advanced_0.0,0.5,0.5",904.0659341,,,
NNP,0.879411765,0.694272446,0.775951557,3876,3060,2691,"advanced_0.0,0.5,0.5",3007.588235,,,
JJR,0.774193548,0.742268041,0.757894737,97,93,72,"advanced_0.0,0.5,0.5",73.51578947,,,
VBP,0.815217391,0.696055684,0.750938673,431,368,300,"advanced_0.0,0.5,0.5",323.6545682,,,
MD,0.596923077,0.997429306,0.746871992,389,650,388,"advanced_0.0,0.5,0.5",290.533205,,,
JJ,0.742687386,0.706829056,0.724314687,2299,2188,1625,"advanced_0.0,0.5,0.5",1665.199465,,,
WDT,0.825,0.568965517,0.673469388,174,120,99,"advanced_0.0,0.5,0.5",117.1836735,,,
POS,0.422403734,0.932989691,0.581526104,388,857,362,"advanced_0.0,0.5,0.5",225.6321285,,,
VBN,0.461594203,0.761961722,0.574909747,836,1380,637,"advanced_0.0,0.5,0.5",480.6245487,,,
VBD,0.732638889,0.370826011,0.492415403,1138,576,422,"advanced_0.0,0.5,0.5",560.3687281,,,
EX,1,0.303030303,0.465116279,33,10,10,"advanced_0.0,0.5,0.5",15.34883721,,,
PRP$,0.268808115,1,0.423717522,318,1183,318,"advanced_0.0,0.5,0.5",134.7421719,,,
RP,0.161048689,0.457446809,0.238227147,94,267,43,"advanced_0.0,0.5,0.5",22.3933518,,,
PDT,0.176470588,0.315789474,0.226415094,19,34,6,"advanced_0.0,0.5,0.5",4.301886792,,,
RBS,0.125,0.071428571,0.090909091,14,8,1,"advanced_0.0,0.5,0.5",1.272727273,,,
RBR,0.5,0.032258065,0.060606061,62,4,2,"advanced_0.0,0.5,0.5",3.757575758,,,
NNPS,0,1,0,109,37,0,"advanced_0.0,0.5,0.5",0,,,
FW,0,1,0,1,6,0,"advanced_0.0,0.5,0.5",0,,,
SYM,0,1,0,0,106,0,"advanced_0.0,0.5,0.5",0,,,
UH,0,1,0,3,1,0,"advanced_0.0,0.5,0.5",0,,,
``,1,1,1,237,237,237,"advanced_0.1,0.3,0.6",237,,,
-LRB-,1,1,1,54,54,54,"advanced_0.1,0.3,0.6",54,,,
-RRB-,1,1,1,54,54,54,"advanced_0.1,0.3,0.6",54,,,
.,1,1,1,1485,1485,1485,"advanced_0.1,0.3,0.6",1485,,,
:,1,1,1,124,124,124,"advanced_0.1,0.3,0.6",124,,,
WRB,1,1,1,75,75,75,"advanced_0.1,0.3,0.6",75,,,
#,1,1,1,0,0,0,"advanced_0.1,0.3,0.6",0,,,
WP$,1,1,1,14,14,14,"advanced_0.1,0.3,0.6",14,,,
",",0.998928763,1,0.999464094,1865,1867,1865,"advanced_0.1,0.3,0.6",1864.000536,,,
TO,0.998760843,1,0.999380037,806,807,806,"advanced_0.1,0.3,0.6",805.50031,,,
$,0.996323529,0.992673993,0.994495413,273,272,271,"advanced_0.1,0.3,0.6",271.4972477,,,
PRP,0.994915254,0.984899329,0.989881956,596,590,587,"advanced_0.1,0.3,0.6",589.9696459,,,
CC,0.942093541,0.992957746,0.966857143,852,898,846,"advanced_0.1,0.3,0.6",823.7622857,,,
'',0.899224806,1,0.946938776,232,258,232,"advanced_0.1,0.3,0.6",219.6897959,,,
IN,0.897504892,0.942945258,0.919664118,3891,4088,3669,"advanced_0.1,0.3,0.6",3578.413084,,,
DT,0.888586134,0.930269414,0.908950139,3155,3303,2935,"advanced_0.1,0.3,0.6",2867.73769,,,
CD,0.981132075,0.811895911,0.888527258,1345,1113,1092,"advanced_0.1,0.3,0.6",1195.069162,,,
VBZ,0.905882353,0.848017621,0.875995449,908,850,770,"advanced_0.1,0.3,0.6",795.403868,,,
NNS,0.906604747,0.815691736,0.858748778,2154,1938,1757,"advanced_0.1,0.3,0.6",1849.744868,,,
WP,1,0.734177215,0.846715328,79,58,58,"advanced_0.1,0.3,0.6",66.89051095,,,
NN,0.872867587,0.814015152,0.842414739,5280,4924,4298,"advanced_0.1,0.3,0.6",4447.949824,,,
JJS,0.796875,0.86440678,0.829268293,59,64,51,"advanced_0.1,0.3,0.6",48.92682927,,,
VBG,0.939330544,0.723027375,0.81710646,621,478,449,"advanced_0.1,0.3,0.6",507.4231119,,,
RB,0.826718296,0.749122807,0.786010124,1140,1033,854,"advanced_0.1,0.3,0.6",896.0515416,,,
VB,0.763358779,0.804828974,0.783545544,994,1048,800,"advanced_0.1,0.3,0.6",778.8442703,,,
NNP,0.879321592,0.695562436,0.776721406,3876,3066,2696,"advanced_0.1,0.3,0.6",3010.572169,,,
JJR,0.774193548,0.742268041,0.757894737,97,93,72,"advanced_0.1,0.3,0.6",73.51578947,,,
MD,0.580838323,0.997429306,0.734153264,389,668,388,"advanced_0.1,0.3,0.6",285.5856197,,,
VBP,0.831325301,0.64037123,0.723460026,431,332,276,"advanced_0.1,0.3,0.6",311.8112713,,,
JJ,0.733903647,0.709003915,0.721238938,2299,2221,1630,"advanced_0.1,0.3,0.6",1658.128319,,,
WDT,0.825,0.568965517,0.673469388,174,120,99,"advanced_0.1,0.3,0.6",117.1836735,,,
VBN,0.473220836,0.7715311,0.586630286,836,1363,645,"advanced_0.1,0.3,0.6",490.4229195,,,
POS,0.422403734,0.932989691,0.581526104,388,857,362,"advanced_0.1,0.3,0.6",225.6321285,,,
VBD,0.761016949,0.394551845,0.519675926,1138,590,449,"advanced_0.1,0.3,0.6",591.3912037,,,
EX,1,0.303030303,0.465116279,33,10,10,"advanced_0.1,0.3,0.6",15.34883721,,,
PRP$,0.278702892,1,0.43591501,318,1141,318,"advanced_0.1,0.3,0.6",138.6209733,,,
RP,0.167330677,0.446808511,0.243478261,94,251,42,"advanced_0.1,0.3,0.6",22.88695652,,,
PDT,0.1875,0.315789474,0.235294118,19,32,6,"advanced_0.1,0.3,0.6",4.470588235,,,
RBS,0.125,0.071428571,0.090909091,14,8,1,"advanced_0.1,0.3,0.6",1.272727273,,,
RBR,0.5,0.032258065,0.060606061,62,4,2,"advanced_0.1,0.3,0.6",3.757575758,,,
NNPS,0,1,0,109,35,0,"advanced_0.1,0.3,0.6",0,,,
FW,0,1,0,1,6,0,"advanced_0.1,0.3,0.6",0,,,
SYM,0,1,0,0,143,0,"advanced_0.1,0.3,0.6",0,,,
LS,0,1,0,0,1,0,"advanced_0.1,0.3,0.6",0,,,
UH,0,1,0,3,1,0,"advanced_0.1,0.3,0.6",0,,,
``,1,1,1,237,237,237,"advanced_0.25,0.25,0.5",237,,,
-LRB-,1,1,1,54,54,54,"advanced_0.25,0.25,0.5",54,,,
-RRB-,1,1,1,54,54,54,"advanced_0.25,0.25,0.5",54,,,
.,1,1,1,1485,1485,1485,"advanced_0.25,0.25,0.5",1485,,,
:,1,1,1,124,124,124,"advanced_0.25,0.25,0.5",124,,,
WRB,1,1,1,75,75,75,"advanced_0.25,0.25,0.5",75,,,
#,1,1,1,0,0,0,"advanced_0.25,0.25,0.5",0,,,
LS,1,1,1,0,0,0,"advanced_0.25,0.25,0.5",0,,,
WP$,1,1,1,14,14,14,"advanced_0.25,0.25,0.5",14,,,
",",0.998928763,1,0.999464094,1865,1867,1865,"advanced_0.25,0.25,0.5",1864.000536,,,
TO,0.997524752,1,0.998760843,806,808,806,"advanced_0.25,0.25,0.5",805.0012392,,,
$,0.996323529,0.992673993,0.994495413,273,272,271,"advanced_0.25,0.25,0.5",271.4972477,,,
PRP,0.994915254,0.984899329,0.989881956,596,590,587,"advanced_0.25,0.25,0.5",589.9696459,,,
CC,0.942093541,0.992957746,0.966857143,852,898,846,"advanced_0.25,0.25,0.5",823.7622857,,,
'',0.899224806,1,0.946938776,232,258,232,"advanced_0.25,0.25,0.5",219.6897959,,,
IN,0.901474201,0.942945258,0.9217435,3891,4070,3669,"advanced_0.25,0.25,0.5",3586.503957,,,
DT,0.889189189,0.938510301,0.913184271,3155,3330,2961,"advanced_0.25,0.25,0.5",2881.096376,,,
CD,0.983783784,0.811895911,0.889613035,1345,1110,1092,"advanced_0.25,0.25,0.5",1196.529532,,,
VBZ,0.919856459,0.8469163,0.881880734,908,836,769,"advanced_0.25,0.25,0.5",800.7477064,,,
NNS,0.910071942,0.822191272,0.863902439,2154,1946,1771,"advanced_0.25,0.25,0.5",1860.845854,,,
VBG,0.898214286,0.809983897,0.851820491,621,560,503,"advanced_0.25,0.25,0.5",528.980525,,,
WP,1,0.734177215,0.846715328,79,58,58,"advanced_0.25,0.25,0.5",66.89051095,,,
NN,0.883629599,0.809659091,0.845028662,5280,4838,4275,"advanced_0.25,0.25,0.5",4461.751334,,,
JJS,0.796875,0.86440678,0.829268293,59,64,51,"advanced_0.25,0.25,0.5",48.92682927,,,
VB,0.783236994,0.817907445,0.80019685,994,1038,813,"advanced_0.25,0.25,0.5",795.3956693,,,
RB,0.829501916,0.759649123,0.793040293,1140,1044,866,"advanced_0.25,0.25,0.5",904.0659341,,,
NNP,0.87825249,0.705366357,0.782372299,3876,3113,2734,"advanced_0.25,0.25,0.5",3032.475032,,,
MD,0.621794872,0.997429306,0.766041461,389,624,388,"advanced_0.25,0.25,0.5",297.9901283,,,
JJR,0.774193548,0.742268041,0.757894737,97,93,72,"advanced_0.25,0.25,0.5",73.51578947,,,
VBP,0.819672131,0.696055684,0.752823087,431,366,300,"advanced_0.25,0.25,0.5",324.4667503,,,
JJ,0.740690282,0.709438886,0.724727838,2299,2202,1631,"advanced_0.25,0.25,0.5",1666.1493,,,
WDT,0.825,0.568965517,0.673469388,174,120,99,"advanced_0.25,0.25,0.5",117.1836735,,,
VBN,0.477843427,0.773923445,0.59086758,836,1354,647,"advanced_0.25,0.25,0.5",493.9652968,,,
POS,0.422403734,0.932989691,0.581526104,388,857,362,"advanced_0.25,0.25,0.5",225.6321285,,,
VBD,0.768067227,0.401581722,0.527409117,1138,595,457,"advanced_0.25,0.25,0.5",600.1915753,,,
EX,1,0.303030303,0.465116279,33,10,10,"advanced_0.25,0.25,0.5",15.34883721,,,
PRP$,0.279192274,1,0.436513384,318,1139,318,"advanced_0.25,0.25,0.5",138.811256,,,
RP,0.168674699,0.446808511,0.244897959,94,249,42,"advanced_0.25,0.25,0.5",23.02040816,,,
PDT,0.1875,0.315789474,0.235294118,19,32,6,"advanced_0.25,0.25,0.5",4.470588235,,,
RBS,0.125,0.071428571,0.090909091,14,8,1,"advanced_0.25,0.25,0.5",1.272727273,,,
RBR,0.5,0.032258065,0.060606061,62,4,2,"advanced_0.25,0.25,0.5",3.757575758,,,
NNPS,0,1,0,109,35,0,"advanced_0.25,0.25,0.5",0,,,
FW,0,1,0,1,6,0,"advanced_0.25,0.25,0.5",0,,,
SYM,0,1,0,0,136,0,"advanced_0.25,0.25,0.5",0,,,
UH,0,1,0,3,1,0,"advanced_0.25,0.25,0.5",0,,,
``,1,1,1,237,237,237,"advanced_0.25,0.5,0.25",237,,,
-LRB-,1,1,1,54,54,54,"advanced_0.25,0.5,0.25",54,,,
-RRB-,1,1,1,54,54,54,"advanced_0.25,0.5,0.25",54,,,
.,1,1,1,1485,1485,1485,"advanced_0.25,0.5,0.25",1485,,,
:,1,1,1,124,124,124,"advanced_0.25,0.5,0.25",124,,,
WRB,1,1,1,75,75,75,"advanced_0.25,0.5,0.25",75,,,
#,1,1,1,0,0,0,"advanced_0.25,0.5,0.25",0,,,
LS,1,1,1,0,0,0,"advanced_0.25,0.5,0.25",0,,,
WP$,1,1,1,14,14,14,"advanced_0.25,0.5,0.25",14,,,
",",0.998928763,1,0.999464094,1865,1867,1865,"advanced_0.25,0.5,0.25",1864.000536,,,
TO,0.995061728,1,0.997524752,806,810,806,"advanced_0.25,0.5,0.25",804.0049505,,,
$,0.996323529,0.992673993,0.994495413,273,272,271,"advanced_0.25,0.5,0.25",271.4972477,,,
PRP,0.994915254,0.984899329,0.989881956,596,590,587,"advanced_0.25,0.5,0.25",589.9696459,,,
CC,0.942093541,0.992957746,0.966857143,852,898,846,"advanced_0.25,0.5,0.25",823.7622857,,,
'',0.899224806,1,0.946938776,232,258,232,"advanced_0.25,0.5,0.25",219.6897959,,,
IN,0.896189546,0.942945258,0.918973075,3891,4094,3669,"advanced_0.25,0.5,0.25",3575.724233,,,
DT,0.896489104,0.938827258,0.917169841,3155,3304,2962,"advanced_0.25,0.5,0.25",2893.670847,,,
CD,0.991825613,0.811895911,0.892886345,1345,1101,1092,"advanced_0.25,0.5,0.25",1200.932134,,,
VBZ,0.919856459,0.8469163,0.881880734,908,836,769,"advanced_0.25,0.5,0.25",800.7477064,,,
NNS,0.933719095,0.824048282,0.875462392,2154,1901,1775,"advanced_0.25,0.5,0.25",1885.745993,,,
VBG,0.881034483,0.822866345,0.850957535,621,580,511,"advanced_0.25,0.5,0.25",528.4446295,,,
NN,0.889788294,0.811931818,0.849079026,5280,4818,4287,"advanced_0.25,0.5,0.25",4483.137255,,,
WP,1,0.734177215,0.846715328,79,58,58,"advanced_0.25,0.5,0.25",66.89051095,,,
JJS,0.796875,0.86440678,0.829268293,59,64,51,"advanced_0.25,0.5,0.25",48.92682927,,,
VB,0.780578898,0.841046278,0.80968523,994,1071,836,"advanced_0.25,0.5,0.25",804.8271186,,,
RB,0.834296724,0.759649123,0.795224977,1140,1038,866,"advanced_0.25,0.5,0.25",906.5564738,,,
MD,0.646666667,0.997429306,0.78463094,389,600,388,"advanced_0.25,0.5,0.25",305.2214358,,,
NNP,0.871819338,0.707172343,0.780911681,3876,3144,2741,"advanced_0.25,0.5,0.25",3026.813675,,,
JJR,0.774193548,0.742268041,0.757894737,97,93,72,"advanced_0.25,0.5,0.25",73.51578947,,,
VBP,0.809651475,0.700696056,0.751243781,431,373,302,"advanced_0.25,0.5,0.25",323.7860697,,,
JJ,0.744565217,0.715093519,0.729531839,2299,2208,1644,"advanced_0.25,0.5,0.25",1677.193699,,,
WDT,0.825,0.568965517,0.673469388,174,120,99,"advanced_0.25,0.5,0.25",117.1836735,,,
VBN,0.47809948,0.770334928,0.590013743,836,1347,644,"advanced_0.25,0.5,0.25",493.2514888,,,
POS,0.424882629,0.932989691,0.583870968,388,852,362,"advanced_0.25,0.5,0.25",226.5419355,,,
VBD,0.75613748,0.405975395,0.528301887,1138,611,462,"advanced_0.25,0.5,0.25",601.2075472,,,
EX,1,0.303030303,0.465116279,33,10,10,"advanced_0.25,0.5,0.25",15.34883721,,,
PRP$,0.279192274,1,0.436513384,318,1139,318,"advanced_0.25,0.5,0.25",138.811256,,,
RP,0.168674699,0.446808511,0.244897959,94,249,42,"advanced_0.25,0.5,0.25",23.02040816,,,
PDT,0.1875,0.315789474,0.235294118,19,32,6,"advanced_0.25,0.5,0.25",4.470588235,,,
RBS,0.125,0.071428571,0.090909091,14,8,1,"advanced_0.25,0.5,0.25",1.272727273,,,
RBR,0.5,0.032258065,0.060606061,62,4,2,"advanced_0.25,0.5,0.25",3.757575758,,,
NNPS,0,1,0,109,35,0,"advanced_0.25,0.5,0.25",0,,,
FW,0,1,0,1,6,0,"advanced_0.25,0.5,0.25",0,,,
SYM,0,1,0,0,139,0,"advanced_0.25,0.5,0.25",0,,,
UH,0,1,0,3,1,0,"advanced_0.25,0.5,0.25",0,,,
``,1,1,1,237,237,237,"advanced_0.3,0.6,0.1",237,,,
-LRB-,1,1,1,54,54,54,"advanced_0.3,0.6,0.1",54,,,
-RRB-,1,1,1,54,54,54,"advanced_0.3,0.6,0.1",54,,,
.,1,1,1,1485,1485,1485,"advanced_0.3,0.6,0.1",1485,,,
:,1,1,1,124,124,124,"advanced_0.3,0.6,0.1",124,,,
WRB,1,1,1,75,75,75,"advanced_0.3,0.6,0.1",75,,,
#,1,1,1,0,0,0,"advanced_0.3,0.6,0.1",0,,,
LS,1,1,1,0,0,0,"advanced_0.3,0.6,0.1",0,,,
WP$,1,1,1,14,14,14,"advanced_0.3,0.6,0.1",14,,,
",",0.998928763,1,0.999464094,1865,1867,1865,"advanced_0.3,0.6,0.1",1864.000536,,,
TO,0.995061728,1,0.997524752,806,810,806,"advanced_0.3,0.6,0.1",804.0049505,,,
$,0.996323529,0.992673993,0.994495413,273,272,271,"advanced_0.3,0.6,0.1",271.4972477,,,
PRP,0.994915254,0.984899329,0.989881956,596,590,587,"advanced_0.3,0.6,0.1",589.9696459,,,
CC,0.942093541,0.992957746,0.966857143,852,898,846,"advanced_0.3,0.6,0.1",823.7622857,,,
'',0.899224806,1,0.946938776,232,258,232,"advanced_0.3,0.6,0.1",219.6897959,,,
DT,0.901609475,0.941045959,0.920905707,3155,3293,2969,"advanced_0.3,0.6,0.1",2905.457506,,,
IN,0.896189546,0.942945258,0.918973075,3891,4094,3669,"advanced_0.3,0.6,0.1",3575.724233,,,
CD,0.99092559,0.811895911,0.892521455,1345,1102,1092,"advanced_0.3,0.6,0.1",1200.441357,,,
VBZ,0.920958084,0.8469163,0.88238669,908,835,769,"advanced_0.3,0.6,0.1",801.2071142,,,
NNS,0.934805468,0.82544104,0.876725838,2154,1902,1778,"advanced_0.3,0.6,0.1",1888.467456,,,
NN,0.890852391,0.81155303,0.849355798,5280,4810,4285,"advanced_0.3,0.6,0.1",4484.598612,,,
VBG,0.872231687,0.824476651,0.847682119,621,587,512,"advanced_0.3,0.6,0.1",526.410596,,,
WP,1,0.734177215,0.846715328,79,58,58,"advanced_0.3,0.6,0.1",66.89051095,,,
JJS,0.796875,0.86440678,0.829268293,59,64,51,"advanced_0.3,0.6,0.1",48.92682927,,,
VB,0.784037559,0.840040241,0.811073337,994,1065,835,"advanced_0.3,0.6,0.1",806.2068966,,,
RB,0.833333333,0.75877193,0.794306703,1140,1038,865,"advanced_0.3,0.6,0.1",905.5096419,,,
MD,0.653198653,0.997429306,0.789420142,389,594,388,"advanced_0.3,0.6,0.1",307.0844354,,,
NNP,0.875158831,0.710784314,0.784453303,3876,3148,2755,"advanced_0.3,0.6,0.1",3040.541002,,,
JJR,0.774193548,0.742268041,0.757894737,97,93,72,"advanced_0.3,0.6,0.1",73.51578947,,,
VBP,0.80104712,0.709976798,0.752767528,431,382,306,"advanced_0.3,0.6,0.1",324.4428044,,,
JJ,0.739578664,0.717703349,0.728476821,2299,2231,1650,"advanced_0.3,0.6,0.1",1674.768212,,,
WDT,0.825,0.568965517,0.673469388,174,120,99,"advanced_0.3,0.6,0.1",117.1836735,,,
VBN,0.478810409,0.770334928,0.590554791,836,1345,644,"advanced_0.3,0.6,0.1",493.7038056,,,
POS,0.426383981,0.932989691,0.585286985,388,849,362,"advanced_0.3,0.6,0.1",227.09135,,,
VBD,0.75613748,0.405975395,0.528301887,1138,611,462,"advanced_0.3,0.6,0.1",601.2075472,,,
EX,1,0.303030303,0.465116279,33,10,10,"advanced_0.3,0.6,0.1",15.34883721,,,
PRP$,0.27943761,1,0.436813187,318,1138,318,"advanced_0.3,0.6,0.1",138.9065934,,,
RP,0.168674699,0.446808511,0.244897959,94,249,42,"advanced_0.3,0.6,0.1",23.02040816,,,
PDT,0.1875,0.315789474,0.235294118,19,32,6,"advanced_0.3,0.6,0.1",4.470588235,,,
RBS,0.125,0.071428571,0.090909091,14,8,1,"advanced_0.3,0.6,0.1",1.272727273,,,
RBR,0.5,0.032258065,0.060606061,62,4,2,"advanced_0.3,0.6,0.1",3.757575758,,,
NNPS,0,1,0,109,35,0,"advanced_0.3,0.6,0.1",0,,,
FW,0,1,0,1,6,0,"advanced_0.3,0.6,0.1",0,,,
SYM,0,1,0,0,132,0,"advanced_0.3,0.6,0.1",0,,,
UH,0,1,0,3,1,0,"advanced_0.3,0.6,0.1",0,,,
``,1,1,1,237,237,237,"advanced_0.34,0.33,0.33",237,,,
-LRB-,1,1,1,54,54,54,"advanced_0.34,0.33,0.33",54,,,
-RRB-,1,1,1,54,54,54,"advanced_0.34,0.33,0.33",54,,,
.,1,1,1,1485,1485,1485,"advanced_0.34,0.33,0.33",1485,,,
:,1,1,1,124,124,124,"advanced_0.34,0.33,0.33",124,,,
WRB,1,1,1,75,75,75,"advanced_0.34,0.33,0.33",75,,,
#,1,1,1,0,0,0,"advanced_0.34,0.33,0.33",0,,,
LS,1,1,1,0,0,0,"advanced_0.34,0.33,0.33",0,,,
WP$,1,1,1,14,14,14,"advanced_0.34,0.33,0.33",14,,,
",",0.998928763,1,0.999464094,1865,1867,1865,"advanced_0.34,0.33,0.33",1864.000536,,,
TO,0.995061728,1,0.997524752,806,810,806,"advanced_0.34,0.33,0.33",804.0049505,,,
$,0.996323529,0.992673993,0.994495413,273,272,271,"advanced_0.34,0.33,0.33",271.4972477,,,
PRP,0.994915254,0.984899329,0.989881956,596,590,587,"advanced_0.34,0.33,0.33",589.9696459,,,
CC,0.942093541,0.992957746,0.966857143,852,898,846,"advanced_0.34,0.33,0.33",823.7622857,,,
'',0.899224806,1,0.946938776,232,258,232,"advanced_0.34,0.33,0.33",219.6897959,,,
IN,0.901301252,0.943459265,0.921898543,3891,4073,3671,"advanced_0.34,0.33,0.33",3587.107233,,,
DT,0.895292698,0.940412044,0.917297882,3155,3314,2967,"advanced_0.34,0.33,0.33",2894.074818,,,
CD,0.993630573,0.811895911,0.893617021,1345,1099,1092,"advanced_0.34,0.33,0.33",1201.914894,,,
VBZ,0.919856459,0.8469163,0.881880734,908,836,769,"advanced_0.34,0.33,0.33",800.7477064,,,
NNS,0.915849251,0.82358403,0.867269616,2154,1937,1774,"advanced_0.34,0.33,0.33",1868.098753,,,
VBG,0.882149047,0.819645733,0.849749583,621,577,509,"advanced_0.34,0.33,0.33",527.6944908,,,
NN,0.88725693,0.812310606,0.848131303,5280,4834,4289,"advanced_0.34,0.33,0.33",4478.133281,,,
WP,1,0.734177215,0.846715328,79,58,58,"advanced_0.34,0.33,0.33",66.89051095,,,
JJS,0.796875,0.86440678,0.829268293,59,64,51,"advanced_0.34,0.33,0.33",48.92682927,,,
VB,0.780898876,0.839034205,0.808923375,994,1068,834,"advanced_0.34,0.33,0.33",804.0698351,,,
RB,0.833493744,0.759649123,0.794860028,1140,1039,866,"advanced_0.34,0.33,0.33",906.1404314,,,
NNP,0.874201788,0.706398349,0.781392694,3876,3132,2738,"advanced_0.34,0.33,0.33",3028.678082,,,
MD,0.639209226,0.997429306,0.779116466,389,607,388,"advanced_0.34,0.33,0.33",303.0763052,,,
JJR,0.774193548,0.742268041,0.757894737,97,93,72,"advanced_0.34,0.33,0.33",73.51578947,,,
VBP,0.815718157,0.69837587,0.7525,431,369,301,"advanced_0.34,0.33,0.33",324.3275,,,
JJ,0.749542962,0.713353632,0.731000669,2299,2188,1640,"advanced_0.34,0.33,0.33",1680.570537,,,
WDT,0.825,0.568965517,0.673469388,174,120,99,"advanced_0.34,0.33,0.33",117.1836735,,,
VBN,0.478581979,0.775119617,0.591780822,836,1354,648,"advanced_0.34,0.33,0.33",494.7287671,,,
POS,0.423887588,0.932989691,0.582930757,388,854,362,"advanced_0.34,0.33,0.33",226.1771337,,,
VBD,0.765289256,0.40685413,0.531267929,1138,605,463,"advanced_0.34,0.33,0.33",604.582903,,,
EX,1,0.303030303,0.465116279,33,10,10,"advanced_0.34,0.33,0.33",15.34883721,,,
PRP$,0.279683377,1,0.437113402,318,1137,318,"advanced_0.34,0.33,0.33",139.0020619,,,
RP,0.169354839,0.446808511,0.245614035,94,248,42,"advanced_0.34,0.33,0.33",23.0877193,,,
PDT,0.1875,0.315789474,0.235294118,19,32,6,"advanced_0.34,0.33,0.33",4.470588235,,,
RBS,0.125,0.071428571,0.090909091,14,8,1,"advanced_0.34,0.33,0.33",1.272727273,,,
RBR,0.5,0.032258065,0.060606061,62,4,2,"advanced_0.34,0.33,0.33",3.757575758,,,
NNPS,0,1,0,109,35,0,"advanced_0.34,0.33,0.33",0,,,
FW,0,1,0,1,6,0,"advanced_0.34,0.33,0.33",0,,,
SYM,0,1,0,0,134,0,"advanced_0.34,0.33,0.33",0,,,
UH,0,1,0,3,1,0,"advanced_0.34,0.33,0.33",0,,,
``,1,1,1,237,237,237,"advanced_0.5,0.0,0.5",237,,,
-LRB-,1,1,1,54,54,54,"advanced_0.5,0.0,0.5",54,,,
-RRB-,1,1,1,54,54,54,"advanced_0.5,0.0,0.5",54,,,
.,1,1,1,1485,1485,1485,"advanced_0.5,0.0,0.5",1485,,,
:,1,1,1,124,124,124,"advanced_0.5,0.0,0.5",124,,,
WRB,1,1,1,75,75,75,"advanced_0.5,0.0,0.5",75,,,
#,1,1,1,0,0,0,"advanced_0.5,0.0,0.5",0,,,
LS,1,1,1,0,0,0,"advanced_0.5,0.0,0.5",0,,,
WP$,1,1,1,14,14,14,"advanced_0.5,0.0,0.5",14,,,
",",0.998928763,1,0.999464094,1865,1867,1865,"advanced_0.5,0.0,0.5",1864.000536,,,
TO,0.997524752,1,0.998760843,806,808,806,"advanced_0.5,0.0,0.5",805.0012392,,,
$,0.996323529,0.992673993,0.994495413,273,272,271,"advanced_0.5,0.0,0.5",271.4972477,,,
PRP,0.994915254,0.984899329,0.989881956,596,590,587,"advanced_0.5,0.0,0.5",589.9696459,,,
CC,0.942093541,0.992957746,0.966857143,852,898,846,"advanced_0.5,0.0,0.5",823.7622857,,,
'',0.899224806,1,0.946938776,232,258,232,"advanced_0.5,0.0,0.5",219.6897959,,,
IN,0.899950956,0.943202262,0.921069143,3891,4078,3670,"advanced_0.5,0.0,0.5",3583.880035,,,
DT,0.889657246,0.937876387,0.91313069,3155,3326,2959,"advanced_0.5,0.0,0.5",2880.927326,,,
CD,0.984670875,0.811895911,0.88997555,1345,1109,1092,"advanced_0.5,0.0,0.5",1197.017115,,,
VBZ,0.919856459,0.8469163,0.881880734,908,836,769,"advanced_0.5,0.0,0.5",800.7477064,,,
NNS,0.900813835,0.822191272,0.859708738,2154,1966,1771,"advanced_0.5,0.0,0.5",1851.812621,,,
VBG,0.896057348,0.805152979,0.848176421,621,558,500,"advanced_0.5,0.0,0.5",526.7175573,,,
WP,1,0.734177215,0.846715328,79,58,58,"advanced_0.5,0.0,0.5",66.89051095,,,
NN,0.884258304,0.811742424,0.846450084,5280,4847,4286,"advanced_0.5,0.0,0.5",4469.256443,,,
JJS,0.796875,0.86440678,0.829268293,59,64,51,"advanced_0.5,0.0,0.5",48.92682927,,,
VB,0.784069098,0.82193159,0.802554028,994,1042,817,"advanced_0.5,0.0,0.5",797.7387033,,,
RB,0.829501916,0.759649123,0.793040293,1140,1044,866,"advanced_0.5,0.0,0.5",904.0659341,,,
NNP,0.880012937,0.702012384,0.780998852,3876,3092,2721,"advanced_0.5,0.0,0.5",3027.15155,,,
MD,0.628849271,0.997429306,0.771371769,389,617,388,"advanced_0.5,0.0,0.5",300.0636183,,,
JJR,0.774193548,0.742268041,0.757894737,97,93,72,"advanced_0.5,0.0,0.5",73.51578947,,,
VBP,0.819672131,0.696055684,0.752823087,431,366,300,"advanced_0.5,0.0,0.5",324.4667503,,,
JJ,0.74270073,0.708133971,0.725005567,2299,2192,1628,"advanced_0.5,0.0,0.5",1666.787798,,,
WDT,0.825,0.568965517,0.673469388,174,120,99,"advanced_0.5,0.0,0.5",117.1836735,,,
VBN,0.47678703,0.773923445,0.59005928,836,1357,647,"advanced_0.5,0.0,0.5",493.2895577,,,
POS,0.422403734,0.932989691,0.581526104,388,857,362,"advanced_0.5,0.0,0.5",225.6321285,,,
VBD,0.769747899,0.402460457,0.528563185,1138,595,458,"advanced_0.5,0.0,0.5",601.5049048,,,
EX,1,0.303030303,0.465116279,33,10,10,"advanced_0.5,0.0,0.5",15.34883721,,,
PRP$,0.279683377,1,0.437113402,318,1137,318,"advanced_0.5,0.0,0.5",139.0020619,,,
RP,0.168674699,0.446808511,0.244897959,94,249,42,"advanced_0.5,0.0,0.5",23.02040816,,,
PDT,0.1875,0.315789474,0.235294118,19,32,6,"advanced_0.5,0.0,0.5",4.470588235,,,
RBS,0.125,0.071428571,0.090909091,14,8,1,"advanced_0.5,0.0,0.5",1.272727273,,,
RBR,0.5,0.032258065,0.060606061,62,4,2,"advanced_0.5,0.0,0.5",3.757575758,,,
NNPS,0,1,0,109,35,0,"advanced_0.5,0.0,0.5",0,,,
FW,0,1,0,1,6,0,"advanced_0.5,0.0,0.5",0,,,
SYM,0,1,0,0,139,0,"advanced_0.5,0.0,0.5",0,,,
UH,0,1,0,3,1,0,"advanced_0.5,0.0,0.5",0,,,
``,1,1,1,237,237,237,"advanced_0.5,0.25,0.25",237,,,
-LRB-,1,1,1,54,54,54,"advanced_0.5,0.25,0.25",54,,,
-RRB-,1,1,1,54,54,54,"advanced_0.5,0.25,0.25",54,,,
.,1,1,1,1485,1485,1485,"advanced_0.5,0.25,0.25",1485,,,
:,1,1,1,124,124,124,"advanced_0.5,0.25,0.25",124,,,
WRB,1,1,1,75,75,75,"advanced_0.5,0.25,0.25",75,,,
#,1,1,1,0,0,0,"advanced_0.5,0.25,0.25",0,,,
LS,1,1,1,0,0,0,"advanced_0.5,0.25,0.25",0,,,
WP$,1,1,1,14,14,14,"advanced_0.5,0.25,0.25",14,,,
",",0.998928763,1,0.999464094,1865,1867,1865,"advanced_0.5,0.25,0.25",1864.000536,,,
TO,0.995061728,1,0.997524752,806,810,806,"advanced_0.5,0.25,0.25",804.0049505,,,
$,0.996323529,0.992673993,0.994495413,273,272,271,"advanced_0.5,0.25,0.25",271.4972477,,,
PRP,0.994915254,0.984899329,0.989881956,596,590,587,"advanced_0.5,0.25,0.25",589.9696459,,,
CC,0.942093541,0.992957746,0.966857143,852,898,846,"advanced_0.5,0.25,0.25",823.7622857,,,
'',0.899224806,1,0.946938776,232,258,232,"advanced_0.5,0.25,0.25",219.6897959,,,
IN,0.901744043,0.943459265,0.922130118,3891,4071,3671,"advanced_0.5,0.25,0.25",3588.008289,,,
DT,0.895801873,0.940095087,0.917414166,3155,3311,2966,"advanced_0.5,0.25,0.25",2894.441695,,,
CD,0.99092559,0.811895911,0.892521455,1345,1102,1092,"advanced_0.5,0.25,0.25",1200.441357,,,
VBZ,0.919856459,0.8469163,0.881880734,908,836,769,"advanced_0.5,0.25,0.25",800.7477064,,,
NNS,0.918694977,0.82358403,0.868543452,2154,1931,1774,"advanced_0.5,0.25,0.25",1870.842595,,,
VBG,0.881944444,0.818035427,0.848788638,621,576,508,"advanced_0.5,0.25,0.25",527.0977444,,,
NN,0.887026691,0.811931818,0.847819638,5280,4833,4287,"advanced_0.5,0.25,0.25",4476.487689,,,
WP,1,0.734177215,0.846715328,79,58,58,"advanced_0.5,0.25,0.25",66.89051095,,,
JJS,0.796875,0.86440678,0.829268293,59,64,51,"advanced_0.5,0.25,0.25",48.92682927,,,
VB,0.782771536,0.841046278,0.81086324,994,1068,836,"advanced_0.5,0.25,0.25",805.9980601,,,
RB,0.834136933,0.75877193,0.794671566,1140,1037,865,"advanced_0.5,0.25,0.25",905.9255857,,,
MD,0.646666667,0.997429306,0.78463094,389,600,388,"advanced_0.5,0.25,0.25",305.2214358,,,
NNP,0.87086514,0.706398349,0.78005698,3876,3144,2738,"advanced_0.5,0.25,0.25",3023.500855,,,
JJR,0.774193548,0.742268041,0.757894737,97,93,72,"advanced_0.5,0.25,0.25",73.51578947,,,
VBP,0.81233244,0.703016241,0.753731343,431,373,303,"advanced_0.5,0.25,0.25",324.858209,,,
JJ,0.745677889,0.71291866,0.728930398,2299,2198,1639,"advanced_0.5,0.25,0.25",1675.810985,,,
WDT,0.825,0.568965517,0.673469388,174,120,99,"advanced_0.5,0.25,0.25",117.1836735,,,
VBN,0.479644708,0.775119617,0.592592593,836,1351,648,"advanced_0.5,0.25,0.25",495.4074074,,,
POS,0.424384525,0.932989691,0.583400483,388,853,362,"advanced_0.5,0.25,0.25",226.3593876,,,
VBD,0.766556291,0.40685413,0.531572905,1138,604,463,"advanced_0.5,0.25,0.25",604.9299656,,,
EX,1,0.303030303,0.465116279,33,10,10,"advanced_0.5,0.25,0.25",15.34883721,,,
PRP$,0.280176211,1,0.437715072,318,1135,318,"advanced_0.5,0.25,0.25",139.193393,,,
RP,0.170040486,0.446808511,0.246334311,94,247,42,"advanced_0.5,0.25,0.25",23.15542522,,,
PDT,0.1875,0.315789474,0.235294118,19,32,6,"advanced_0.5,0.25,0.25",4.470588235,,,
RBS,0.125,0.071428571,0.090909091,14,8,1,"advanced_0.5,0.25,0.25",1.272727273,,,
RBR,0.5,0.032258065,0.060606061,62,4,2,"advanced_0.5,0.25,0.25",3.757575758,,,
NNPS,0,1,0,109,35,0,"advanced_0.5,0.25,0.25",0,,,
FW,0,1,0,1,6,0,"advanced_0.5,0.25,0.25",0,,,
SYM,0,1,0,0,135,0,"advanced_0.5,0.25,0.25",0,,,
UH,0,1,0,3,1,0,"advanced_0.5,0.25,0.25",0,,,
``,1,1,1,237,237,237,"advanced_0.5,0.5,0.0",237,,,
-LRB-,1,1,1,54,54,54,"advanced_0.5,0.5,0.0",54,,,
-RRB-,1,1,1,54,54,54,"advanced_0.5,0.5,0.0",54,,,
.,1,1,1,1485,1485,1485,"advanced_0.5,0.5,0.0",1485,,,
:,1,1,1,124,124,124,"advanced_0.5,0.5,0.0",124,,,
WRB,1,1,1,75,75,75,"advanced_0.5,0.5,0.0",75,,,
#,1,1,1,0,0,0,"advanced_0.5,0.5,0.0",0,,,
LS,1,1,1,0,0,0,"advanced_0.5,0.5,0.0",0,,,
WP$,1,1,1,14,14,14,"advanced_0.5,0.5,0.0",14,,,
",",0.998928763,1,0.999464094,1865,1867,1865,"advanced_0.5,0.5,0.0",1864.000536,,,
$,0.996323529,0.992673993,0.994495413,273,272,271,"advanced_0.5,0.5,0.0",271.4972477,,,
TO,0.987745098,1,0.993834772,806,816,806,"advanced_0.5,0.5,0.0",801.0308261,,,
PRP,0.994915254,0.984899329,0.989881956,596,590,587,"advanced_0.5,0.5,0.0",589.9696459,,,
CC,0.942093541,0.992957746,0.966857143,852,898,846,"advanced_0.5,0.5,0.0",823.7622857,,,
'',0.899224806,1,0.946938776,232,258,232,"advanced_0.5,0.5,0.0",219.6897959,,,
IN,0.90063788,0.943459265,0.9215514,3891,4076,3671,"advanced_0.5,0.5,0.0",3585.756496,,,
DT,0.896053028,0.942630745,0.918751931,3155,3319,2974,"advanced_0.5,0.5,0.0",2898.662342,,,
CD,0.990027199,0.811895911,0.892156863,1345,1103,1092,"advanced_0.5,0.5,0.0",1199.95098,,,
VBZ,0.920863309,0.845814978,0.881745121,908,834,768,"advanced_0.5,0.5,0.0",800.6245695,,,
NNS,0.935146444,0.830083565,0.879488441,2154,1912,1788,"advanced_0.5,0.5,0.0",1894.418101,,,
VBG,0.870805369,0.835748792,0.852917009,621,596,519,"advanced_0.5,0.5,0.0",529.6614626,,,
NN,0.892356021,0.807007576,0.847538538,5280,4775,4261,"advanced_0.5,0.5,0.0",4475.003481,,,
WP,1,0.734177215,0.846715328,79,58,58,"advanced_0.5,0.5,0.0",66.89051095,,,
JJS,0.796875,0.86440678,0.829268293,59,64,51,"advanced_0.5,0.5,0.0",48.92682927,,,
VB,0.779232928,0.838028169,0.807561803,994,1069,833,"advanced_0.5,0.5,0.0",802.7164324,,,
RB,0.834136933,0.75877193,0.794671566,1140,1037,865,"advanced_0.5,0.5,0.0",905.9255857,,,
MD,0.651006711,0.997429306,0.787817259,389,596,388,"advanced_0.5,0.5,0.0",306.4609137,,,
NNP,0.876278772,0.707172343,0.782695603,3876,3128,2741,"advanced_0.5,0.5,0.0",3033.728155,,,
JJR,0.774193548,0.742268041,0.757894737,97,93,72,"advanced_0.5,0.5,0.0",73.51578947,,,
VBP,0.774509804,0.733178654,0.753277712,431,408,316,"advanced_0.5,0.5,0.0",324.6626937,,,
JJ,0.732174688,0.714658547,0.723310588,2299,2244,1643,"advanced_0.5,0.5,0.0",1662.891041,,,
WDT,0.825,0.568965517,0.673469388,174,120,99,"advanced_0.5,0.5,0.0",117.1836735,,,
VBN,0.480326652,0.773923445,0.592762254,836,1347,647,"advanced_0.5,0.5,0.0",495.5492442,,,
POS,0.430952381,0.932989691,0.589576547,388,840,362,"advanced_0.5,0.5,0.0",228.7557003,,,
VBD,0.765676568,0.407732865,0.532110092,1138,606,464,"advanced_0.5,0.5,0.0",605.5412844,,,
EX,1,0.303030303,0.465116279,33,10,10,"advanced_0.5,0.5,0.0",15.34883721,,,
PRP$,0.28042328,1,0.438016529,318,1134,318,"advanced_0.5,0.5,0.0",139.2892562,,,
RP,0.169354839,0.446808511,0.245614035,94,248,42,"advanced_0.5,0.5,0.0",23.0877193,,,
PDT,0.1875,0.315789474,0.235294118,19,32,6,"advanced_0.5,0.5,0.0",4.470588235,,,
RBS,0.125,0.071428571,0.090909091,14,8,1,"advanced_0.5,0.5,0.0",1.272727273,,,
RBR,0.5,0.032258065,0.060606061,62,4,2,"advanced_0.5,0.5,0.0",3.757575758,,,
NNPS,0,1,0,109,35,0,"advanced_0.5,0.5,0.0",0,,,
FW,0,1,0,1,6,0,"advanced_0.5,0.5,0.0",0,,,
SYM,0,1,0,0,127,0,"advanced_0.5,0.5,0.0",0,,,
UH,0,1,0,3,1,0,"advanced_0.5,0.5,0.0",0,,,
``,1,1,1,237,237,237,"advanced_0.6,0.3,0.1",237,,,
-LRB-,1,1,1,54,54,54,"advanced_0.6,0.3,0.1",54,,,
-RRB-,1,1,1,54,54,54,"advanced_0.6,0.3,0.1",54,,,
.,1,1,1,1485,1485,1485,"advanced_0.6,0.3,0.1",1485,,,
:,1,1,1,124,124,124,"advanced_0.6,0.3,0.1",124,,,
WRB,1,1,1,75,75,75,"advanced_0.6,0.3,0.1",75,,,
#,1,1,1,0,0,0,"advanced_0.6,0.3,0.1",0,,,
LS,1,1,1,0,0,0,"advanced_0.6,0.3,0.1",0,,,
WP$,1,1,1,14,14,14,"advanced_0.6,0.3,0.1",14,,,
",",0.998928763,1,0.999464094,1865,1867,1865,"advanced_0.6,0.3,0.1",1864.000536,,,
TO,0.995061728,1,0.997524752,806,810,806,"advanced_0.6,0.3,0.1",804.0049505,,,
$,0.996323529,0.992673993,0.994495413,273,272,271,"advanced_0.6,0.3,0.1",271.4972477,,,
PRP,0.994915254,0.984899329,0.989881956,596,590,587,"advanced_0.6,0.3,0.1",589.9696459,,,
CC,0.942093541,0.992957746,0.966857143,852,898,846,"advanced_0.6,0.3,0.1",823.7622857,,,
'',0.899224806,1,0.946938776,232,258,232,"advanced_0.6,0.3,0.1",219.6897959,,,
IN,0.90063788,0.943459265,0.9215514,3891,4076,3671,"advanced_0.6,0.3,0.1",3585.756496,,,
DT,0.889454763,0.941045959,0.914523333,3155,3338,2969,"advanced_0.6,0.3,0.1",2885.321115,,,
CD,0.99092559,0.811895911,0.892521455,1345,1102,1092,"advanced_0.6,0.3,0.1",1200.441357,,,
VBZ,0.920863309,0.845814978,0.881745121,908,834,768,"advanced_0.6,0.3,0.1",800.6245695,,,
NNS,0.932425354,0.826369545,0.876199852,2154,1909,1780,"advanced_0.6,0.3,0.1",1887.334482,,,
VBG,0.87244898,0.826086957,0.848635236,621,588,513,"advanced_0.6,0.3,0.1",527.0024814,,,
NN,0.88879668,0.811363636,0.848316832,5280,4820,4284,"advanced_0.6,0.3,0.1",4479.112871,,,
WP,1,0.734177215,0.846715328,79,58,58,"advanced_0.6,0.3,0.1",66.89051095,,,
JJS,0.796875,0.86440678,0.829268293,59,64,51,"advanced_0.6,0.3,0.1",48.92682927,,,
VB,0.786050895,0.839034205,0.811678832,994,1061,834,"advanced_0.6,0.3,0.1",806.8087591,,,
RB,0.833333333,0.75877193,0.794306703,1140,1038,865,"advanced_0.6,0.3,0.1",905.5096419,,,
MD,0.653198653,0.997429306,0.789420142,389,594,388,"advanced_0.6,0.3,0.1",307.0844354,,,
NNP,0.876202694,0.704850361,0.781241064,3876,3118,2732,"advanced_0.6,0.3,0.1",3028.090363,,,
JJR,0.774193548,0.742268041,0.757894737,97,93,72,"advanced_0.6,0.3,0.1",73.51578947,,,
VBP,0.80104712,0.709976798,0.752767528,431,382,306,"advanced_0.6,0.3,0.1",324.4428044,,,
JJ,0.736535009,0.713788604,0.724983433,2299,2228,1641,"advanced_0.6,0.3,0.1",1666.736912,,,
WDT,0.825,0.568965517,0.673469388,174,120,99,"advanced_0.6,0.3,0.1",117.1836735,,,
VBN,0.4803849,0.776315789,0.593507087,836,1351,649,"advanced_0.6,0.3,0.1",496.171925,,,
POS,0.426383981,0.932989691,0.585286985,388,849,362,"advanced_0.6,0.3,0.1",227.09135,,,
VBD,0.766556291,0.40685413,0.531572905,1138,604,463,"advanced_0.6,0.3,0.1",604.9299656,,,
EX,1,0.303030303,0.465116279,33,10,10,"advanced_0.6,0.3,0.1",15.34883721,,,
PRP$,0.28042328,1,0.438016529,318,1134,318,"advanced_0.6,0.3,0.1",139.2892562,,,
RP,0.170040486,0.446808511,0.246334311,94,247,42,"advanced_0.6,0.3,0.1",23.15542522,,,
PDT,0.1875,0.315789474,0.235294118,19,32,6,"advanced_0.6,0.3,0.1",4.470588235,,,
RBS,0.125,0.071428571,0.090909091,14,8,1,"advanced_0.6,0.3,0.1",1.272727273,,,
RBR,0.5,0.032258065,0.060606061,62,4,2,"advanced_0.6,0.3,0.1",3.757575758,,,
NNPS,0,1,0,109,35,0,"advanced_0.6,0.3,0.1",0,,,
FW,0,1,0,1,6,0,"advanced_0.6,0.3,0.1",0,,,
SYM,0,1,0,0,132,0,"advanced_0.6,0.3,0.1",0,,,
UH,0,1,0,3,1,0,"advanced_0.6,0.3,0.1",0,,,
``,1,1,1,237,237,237,"basic_0.0,0.5,0.5",237,,,
-LRB-,1,1,1,54,54,54,"basic_0.0,0.5,0.5",54,,,
",",1,1,1,1865,1865,1865,"basic_0.0,0.5,0.5",1865,,,
-RRB-,1,1,1,54,54,54,"basic_0.0,0.5,0.5",54,,,
TO,1,1,1,806,806,806,"basic_0.0,0.5,0.5",806,,,
.,1,1,1,1485,1485,1485,"basic_0.0,0.5,0.5",1485,,,
:,1,1,1,124,124,124,"basic_0.0,0.5,0.5",124,,,
WRB,1,1,1,75,75,75,"basic_0.0,0.5,0.5",75,,,
SYM,1,1,1,0,0,0,"basic_0.0,0.5,0.5",0,,,
#,1,1,1,0,0,0,"basic_0.0,0.5,0.5",0,,,
LS,1,1,1,0,0,0,"basic_0.0,0.5,0.5",0,,,
WP$,1,1,1,14,14,14,"basic_0.0,0.5,0.5",14,,,
'',1,0.995689655,0.997840173,232,231,231,"basic_0.0,0.5,0.5",231.4989201,,,
$,1,0.992673993,0.996323529,273,271,271,"basic_0.0,0.5,0.5",271.9963235,,,
MD,0.992327366,0.997429306,0.994871795,389,391,388,"basic_0.0,0.5,0.5",387.0051282,,,
WP,0.9875,1,0.993710692,79,80,79,"basic_0.0,0.5,0.5",78.50314465,,,
CC,0.997633136,0.98943662,0.993517973,852,845,843,"basic_0.0,0.5,0.5",846.4773129,,,
DT,0.990808241,0.990808241,0.990808241,3155,3155,3126,"basic_0.0,0.5,0.5",3126,,,
PRP,0.994915254,0.984899329,0.989881956,596,590,587,"basic_0.0,0.5,0.5",589.9696459,,,
PRP$,0.975460123,1,0.98757764,318,326,318,"basic_0.0,0.5,0.5",314.0496894,,,
POS,0.955665025,1,0.977329975,388,406,388,"basic_0.0,0.5,0.5",379.2040302,,,
IN,0.950285856,0.982523773,0.966135962,3891,4023,3823,"basic_0.0,0.5,0.5",3759.235027,,,
CD,0.987725041,0.89739777,0.940397351,1345,1222,1207,"basic_0.0,0.5,0.5",1264.834437,,,
VBZ,0.985,0.86784141,0.922716628,908,800,788,"basic_0.0,0.5,0.5",837.8266979,,,
EX,0.846153846,1,0.916666667,33,39,33,"basic_0.0,0.5,0.5",30.25,,,
NNS,0.954689146,0.841225627,0.894373149,2154,1898,1812,"basic_0.0,0.5,0.5",1926.479763,,,
JJS,0.857142857,0.915254237,0.885245902,59,63,54,"basic_0.0,0.5,0.5",52.2295082,,,
NNP,0.85656769,0.878224974,0.867261146,3876,3974,3404,"basic_0.0,0.5,0.5",3361.504204,,,
VBD,0.874196511,0.83655536,0.854961832,1138,1089,952,"basic_0.0,0.5,0.5",972.9465649,,,
NN,0.775101658,0.938636364,0.849066301,5280,6394,4956,"basic_0.0,0.5,0.5",4483.07007,,,
RB,0.897360704,0.805263158,0.848821082,1140,1023,918,"basic_0.0,0.5,0.5",967.6560333,,,
VB,0.824681685,0.847082495,0.83573201,994,1021,842,"basic_0.0,0.5,0.5",830.7176179,,,
JJR,0.689922481,0.917525773,0.787610619,97,129,89,"basic_0.0,0.5,0.5",76.39823009,,,
VBP,0.878338279,0.686774942,0.770833333,431,337,296,"basic_0.0,0.5,0.5",332.2291667,,,
JJ,0.788777372,0.752066116,0.769984413,2299,2192,1729,"basic_0.0,0.5,0.5",1770.194166,,,
VBG,0.965087282,0.623188406,0.757338552,621,401,387,"basic_0.0,0.5,0.5",470.3072407,,,
WDT,1,0.563218391,0.720588235,174,98,98,"basic_0.0,0.5,0.5",125.3823529,,,
VBN,0.723719677,0.642344498,0.680608365,836,742,537,"basic_0.0,0.5,0.5",568.9885932,,,
RP,0.688311688,0.563829787,0.619883041,94,77,53,"basic_0.0,0.5,0.5",58.26900585,,,
RBS,0.666666667,0.428571429,0.52173913,14,9,6,"basic_0.0,0.5,0.5",7.304347826,,,
RBR,0.4,0.064516129,0.111111111,62,10,4,"basic_0.0,0.5,0.5",6.888888889,,,
NNPS,0.294117647,0.04587156,0.079365079,109,17,5,"basic_0.0,0.5,0.5",8.650793651,,,
PDT,1,0,0,19,0,0,"basic_0.0,0.5,0.5",0,,,
FW,0,1,0,1,6,0,"basic_0.0,0.5,0.5",0,,,
UH,0,1,0,3,1,0,"basic_0.0,0.5,0.5",0,,,
``,1,1,1,237,237,237,"basic_0.1,0.3,0.6",237,,,
-LRB-,1,1,1,54,54,54,"basic_0.1,0.3,0.6",54,,,
",",1,1,1,1865,1865,1865,"basic_0.1,0.3,0.6",1865,,,
-RRB-,1,1,1,54,54,54,"basic_0.1,0.3,0.6",54,,,
TO,1,1,1,806,806,806,"basic_0.1,0.3,0.6",806,,,
.,1,1,1,1485,1485,1485,"basic_0.1,0.3,0.6",1485,,,
:,1,1,1,124,124,124,"basic_0.1,0.3,0.6",124,,,
WRB,1,1,1,75,75,75,"basic_0.1,0.3,0.6",75,,,
SYM,1,1,1,0,0,0,"basic_0.1,0.3,0.6",0,,,
#,1,1,1,0,0,0,"basic_0.1,0.3,0.6",0,,,
LS,1,1,1,0,0,0,"basic_0.1,0.3,0.6",0,,,
WP$,1,1,1,14,14,14,"basic_0.1,0.3,0.6",14,,,
'',1,0.995689655,0.997840173,232,231,231,"basic_0.1,0.3,0.6",231.4989201,,,
$,1,0.992673993,0.996323529,273,271,271,"basic_0.1,0.3,0.6",271.9963235,,,
MD,0.992327366,0.997429306,0.994871795,389,391,388,"basic_0.1,0.3,0.6",387.0051282,,,
WP,0.9875,1,0.993710692,79,80,79,"basic_0.1,0.3,0.6",78.50314465,,,
CC,0.997633136,0.98943662,0.993517973,852,845,843,"basic_0.1,0.3,0.6",846.4773129,,,
PRP,0.994915254,0.984899329,0.989881956,596,590,587,"basic_0.1,0.3,0.6",589.9696459,,,
DT,0.991077119,0.985736926,0.988399809,3155,3138,3110,"basic_0.1,0.3,0.6",3118.401398,,,
PRP$,0.975460123,1,0.98757764,318,326,318,"basic_0.1,0.3,0.6",314.0496894,,,
IN,0.945611867,0.983037779,0.963961694,3891,4045,3825,"basic_0.1,0.3,0.6",3750.77495,,,
POS,0.902325581,1,0.948655257,388,430,388,"basic_0.1,0.3,0.6",368.0782396,,,
CD,0.991783073,0.89739777,0.942232631,1345,1217,1207,"basic_0.1,0.3,0.6",1267.302888,,,
EX,0.846153846,1,0.916666667,33,39,33,"basic_0.1,0.3,0.6",30.25,,,
VBZ,0.984168865,0.821585903,0.895558223,908,758,746,"basic_0.1,0.3,0.6",813.1668667,,,
JJS,0.859375,0.93220339,0.894308943,59,64,55,"basic_0.1,0.3,0.6",52.76422764,,,
NNS,0.945720251,0.841225627,0.89041769,2154,1916,1812,"basic_0.1,0.3,0.6",1917.959705,,,
NNP,0.859782334,0.876418989,0.868020953,3876,3951,3397,"basic_0.1,0.3,0.6",3364.449214,,,
VBD,0.879439252,0.826889279,0.852355072,1138,1070,941,"basic_0.1,0.3,0.6",969.9800725,,,
RB,0.907462687,0.8,0.85034965,1140,1005,912,"basic_0.1,0.3,0.6",969.3986014,,,
NN,0.755030488,0.938068182,0.836655405,5280,6560,4953,"basic_0.1,0.3,0.6",4417.540541,,,
VB,0.81427175,0.838028169,0.825979177,994,1023,833,"basic_0.1,0.3,0.6",821.0233019,,,
JJR,0.694656489,0.93814433,0.798245614,97,131,91,"basic_0.1,0.3,0.6",77.42982456,,,
JJ,0.790389016,0.751196172,0.77029438,2299,2185,1727,"basic_0.1,0.3,0.6",1770.90678,,,
VBG,0.9675,0.623188406,0.758080313,621,400,387,"basic_0.1,0.3,0.6",470.7678746,,,
VBP,0.877675841,0.665893271,0.757255937,431,327,287,"basic_0.1,0.3,0.6",326.3773087,,,
WDT,1,0.563218391,0.720588235,174,98,98,"basic_0.1,0.3,0.6",125.3823529,,,
VBN,0.79379845,0.612440191,0.691424713,836,645,512,"basic_0.1,0.3,0.6",578.0310601,,,
RP,0.692307692,0.574468085,0.627906977,94,78,54,"basic_0.1,0.3,0.6",59.02325581,,,
RBS,0.75,0.428571429,0.545454545,14,8,6,"basic_0.1,0.3,0.6",7.636363636,,,
RBR,0.6875,0.177419355,0.282051282,62,16,11,"basic_0.1,0.3,0.6",17.48717949,,,
NNPS,0.333333333,0.04587156,0.080645161,109,15,5,"basic_0.1,0.3,0.6",8.790322581,,,
PDT,1,0,0,19,0,0,"basic_0.1,0.3,0.6",0,,,
FW,0,1,0,1,6,0,"basic_0.1,0.3,0.6",0,,,
UH,0,1,0,3,1,0,"basic_0.1,0.3,0.6",0,,,
``,1,1,1,237,237,237,"basic_0.25,0.25,0.5",237,,,
-LRB-,1,1,1,54,54,54,"basic_0.25,0.25,0.5",54,,,
",",1,1,1,1865,1865,1865,"basic_0.25,0.25,0.5",1865,,,
-RRB-,1,1,1,54,54,54,"basic_0.25,0.25,0.5",54,,,
TO,1,1,1,806,806,806,"basic_0.25,0.25,0.5",806,,,
.,1,1,1,1485,1485,1485,"basic_0.25,0.25,0.5",1485,,,
:,1,1,1,124,124,124,"basic_0.25,0.25,0.5",124,,,
WRB,1,1,1,75,75,75,"basic_0.25,0.25,0.5",75,,,
SYM,1,1,1,0,0,0,"basic_0.25,0.25,0.5",0,,,
#,1,1,1,0,0,0,"basic_0.25,0.25,0.5",0,,,
LS,1,1,1,0,0,0,"basic_0.25,0.25,0.5",0,,,
WP$,1,1,1,14,14,14,"basic_0.25,0.25,0.5",14,,,
'',1,0.995689655,0.997840173,232,231,231,"basic_0.25,0.25,0.5",231.4989201,,,
$,1,0.992673993,0.996323529,273,271,271,"basic_0.25,0.25,0.5",271.9963235,,,
MD,0.992327366,0.997429306,0.994871795,389,391,388,"basic_0.25,0.25,0.5",387.0051282,,,
WP,0.9875,1,0.993710692,79,80,79,"basic_0.25,0.25,0.5",78.50314465,,,
CC,0.997633136,0.98943662,0.993517973,852,845,843,"basic_0.25,0.25,0.5",846.4773129,,,
DT,0.990808241,0.990808241,0.990808241,3155,3155,3126,"basic_0.25,0.25,0.5",3126,,,
PRP,0.994915254,0.984899329,0.989881956,596,590,587,"basic_0.25,0.25,0.5",589.9696459,,,
PRP$,0.975460123,1,0.98757764,318,326,318,"basic_0.25,0.25,0.5",314.0496894,,,
POS,0.953316953,1,0.976100629,388,407,388,"basic_0.25,0.25,0.5",378.727044,,,
IN,0.952191235,0.982780776,0.967244214,3891,4016,3824,"basic_0.25,0.25,0.5",3763.547237,,,
CD,0.991783073,0.89739777,0.942232631,1345,1217,1207,"basic_0.25,0.25,0.5",1267.302888,,,
VBZ,0.983770287,0.86784141,0.922176712,908,801,788,"basic_0.25,0.25,0.5",837.3364541,,,
EX,0.846153846,1,0.916666667,33,39,33,"basic_0.25,0.25,0.5",30.25,,,
JJS,0.859375,0.93220339,0.894308943,59,64,55,"basic_0.25,0.25,0.5",52.76422764,,,
NNS,0.95083682,0.844011142,0.894244958,2154,1912,1818,"basic_0.25,0.25,0.5",1926.20364,,,
NNP,0.842742913,0.897316821,0.86917406,3876,4127,3478,"basic_0.25,0.25,0.5",3368.918656,,,
VBD,0.879262673,0.83831283,0.858299595,1138,1085,954,"basic_0.25,0.25,0.5",976.7449393,,,
NN,0.788014741,0.931439394,0.853745335,5280,6241,4918,"basic_0.25,0.25,0.5",4507.775367,,,
RB,0.90513834,0.803508772,0.851301115,1140,1012,916,"basic_0.25,0.25,0.5",970.4832714,,,
VB,0.829951691,0.864185111,0.846722523,994,1035,859,"basic_0.25,0.25,0.5",841.6421883,,,
JJR,0.6875,0.907216495,0.782222222,97,128,88,"basic_0.25,0.25,0.5",75.87555556,,,
VBP,0.880952381,0.686774942,0.771838331,431,336,296,"basic_0.25,0.25,0.5",332.6623207,,,
JJ,0.784587652,0.757285776,0.770694998,2299,2219,1741,"basic_0.25,0.25,0.5",1771.8278,,,
VBG,0.9675,0.623188406,0.758080313,621,400,387,"basic_0.25,0.25,0.5",470.7678746,,,
WDT,1,0.603448276,0.752688172,174,105,105,"basic_0.25,0.25,0.5",130.9677419,,,
VBN,0.771754636,0.647129187,0.70396877,836,701,541,"basic_0.25,0.25,0.5",588.517892,,,
RP,0.692307692,0.574468085,0.627906977,94,78,54,"basic_0.25,0.25,0.5",59.02325581,,,
RBS,0.75,0.428571429,0.545454545,14,8,6,"basic_0.25,0.25,0.5",7.636363636,,,
RBR,0.555555556,0.161290323,0.25,62,18,10,"basic_0.25,0.25,0.5",15.5,,,
NNPS,0.333333333,0.04587156,0.080645161,109,15,5,"basic_0.25,0.25,0.5",8.790322581,,,
PDT,1,0,0,19,0,0,"basic_0.25,0.25,0.5",0,,,
FW,0,1,0,1,6,0,"basic_0.25,0.25,0.5",0,,,
UH,0,1,0,3,1,0,"basic_0.25,0.25,0.5",0,,,
``,1,1,1,237,237,237,"basic_0.25,0.5,0.25",237,,,
-LRB-,1,1,1,54,54,54,"basic_0.25,0.5,0.25",54,,,
",",1,1,1,1865,1865,1865,"basic_0.25,0.5,0.25",1865,,,
-RRB-,1,1,1,54,54,54,"basic_0.25,0.5,0.25",54,,,
TO,1,1,1,806,806,806,"basic_0.25,0.5,0.25",806,,,
.,1,1,1,1485,1485,1485,"basic_0.25,0.5,0.25",1485,,,
:,1,1,1,124,124,124,"basic_0.25,0.5,0.25",124,,,
WRB,1,1,1,75,75,75,"basic_0.25,0.5,0.25",75,,,
SYM,1,1,1,0,0,0,"basic_0.25,0.5,0.25",0,,,
#,1,1,1,0,0,0,"basic_0.25,0.5,0.25",0,,,
LS,1,1,1,0,0,0,"basic_0.25,0.5,0.25",0,,,
WP$,1,1,1,14,14,14,"basic_0.25,0.5,0.25",14,,,
'',1,0.995689655,0.997840173,232,231,231,"basic_0.25,0.5,0.25",231.4989201,,,
$,1,0.992673993,0.996323529,273,271,271,"basic_0.25,0.5,0.25",271.9963235,,,
MD,0.992327366,0.997429306,0.994871795,389,391,388,"basic_0.25,0.5,0.25",387.0051282,,,
WP,0.9875,1,0.993710692,79,80,79,"basic_0.25,0.5,0.25",78.50314465,,,
CC,0.997633136,0.98943662,0.993517973,852,845,843,"basic_0.25,0.5,0.25",846.4773129,,,
DT,0.991439442,0.991125198,0.991282295,3155,3154,3127,"basic_0.25,0.5,0.25",3127.495641,,,
PRP,0.994915254,0.984899329,0.989881956,596,590,587,"basic_0.25,0.5,0.25",589.9696459,,,
POS,0.979746835,0.99742268,0.988505747,388,395,387,"basic_0.25,0.5,0.25",383.5402299,,,
PRP$,0.975460123,1,0.98757764,318,326,318,"basic_0.25,0.5,0.25",314.0496894,,,
IN,0.960060667,0.976098689,0.968013253,3891,3956,3798,"basic_0.25,0.5,0.25",3766.539569,,,
CD,0.988533989,0.89739777,0.940763835,1345,1221,1207,"basic_0.25,0.5,0.25",1265.327358,,,
VBZ,0.979293544,0.885462555,0.930017351,908,821,804,"basic_0.25,0.5,0.25",844.4557548,,,
EX,0.846153846,1,0.916666667,33,39,33,"basic_0.25,0.5,0.25",30.25,,,
JJS,0.859375,0.93220339,0.894308943,59,64,55,"basic_0.25,0.5,0.25",52.76422764,,,
NNS,0.944157187,0.847725162,0.89334638,2154,1934,1826,"basic_0.25,0.5,0.25",1924.268102,,,
VB,0.855225312,0.897384306,0.875797742,994,1043,892,"basic_0.25,0.5,0.25",870.5429553,,,
NNP,0.840663302,0.90247678,0.870474057,3876,4161,3498,"basic_0.25,0.5,0.25",3373.957447,,,
NN,0.819474653,0.927651515,0.870214089,5280,5977,4898,"basic_0.25,0.5,0.25",4594.73039,,,
VBD,0.881925522,0.853251318,0.867351496,1138,1101,971,"basic_0.25,0.5,0.25",987.0460027,,,
RB,0.893063584,0.813157895,0.851239669,1140,1038,927,"basic_0.25,0.5,0.25",970.4132231,,,
JJR,0.722689076,0.886597938,0.796296296,97,119,86,"basic_0.25,0.5,0.25",77.24074074,,,
WDT,0.848684211,0.74137931,0.791411043,174,152,129,"basic_0.25,0.5,0.25",137.7055215,,,
VBP,0.832898172,0.740139211,0.783783784,431,383,319,"basic_0.25,0.5,0.25",337.8108108,,,
VBG,0.963768116,0.642512077,0.771014493,621,414,399,"basic_0.25,0.5,0.25",478.8,,,
JJ,0.781769196,0.757285776,0.769332744,2299,2227,1741,"basic_0.25,0.5,0.25",1768.695979,,,
VBN,0.72875,0.697368421,0.712713936,836,800,583,"basic_0.25,0.5,0.25",595.8288509,,,
RP,0.6875,0.585106383,0.632183908,94,80,55,"basic_0.25,0.5,0.25",59.42528736,,,
RBS,0.75,0.428571429,0.545454545,14,8,6,"basic_0.25,0.5,0.25",7.636363636,,,
RBR,0.470588235,0.129032258,0.202531646,62,17,8,"basic_0.25,0.5,0.25",12.55696203,,,
NNPS,0.333333333,0.04587156,0.080645161,109,15,5,"basic_0.25,0.5,0.25",8.790322581,,,
PDT,1,0,0,19,0,0,"basic_0.25,0.5,0.25",0,,,
FW,0,1,0,1,6,0,"basic_0.25,0.5,0.25",0,,,
UH,0,1,0,3,1,0,"basic_0.25,0.5,0.25",0,,,
``,1,1,1,237,237,237,"basic_0.3,0.6,0.1",237,,,
-LRB-,1,1,1,54,54,54,"basic_0.3,0.6,0.1",54,,,
",",1,1,1,1865,1865,1865,"basic_0.3,0.6,0.1",1865,,,
-RRB-,1,1,1,54,54,54,"basic_0.3,0.6,0.1",54,,,
TO,1,1,1,806,806,806,"basic_0.3,0.6,0.1",806,,,
.,1,1,1,1485,1485,1485,"basic_0.3,0.6,0.1",1485,,,
:,1,1,1,124,124,124,"basic_0.3,0.6,0.1",124,,,
WRB,1,1,1,75,75,75,"basic_0.3,0.6,0.1",75,,,
SYM,1,1,1,0,0,0,"basic_0.3,0.6,0.1",0,,,
#,1,1,1,0,0,0,"basic_0.3,0.6,0.1",0,,,
LS,1,1,1,0,0,0,"basic_0.3,0.6,0.1",0,,,
WP$,1,1,1,14,14,14,"basic_0.3,0.6,0.1",14,,,
'',1,0.995689655,0.997840173,232,231,231,"basic_0.3,0.6,0.1",231.4989201,,,
$,1,0.992673993,0.996323529,273,271,271,"basic_0.3,0.6,0.1",271.9963235,,,
MD,0.992327366,0.997429306,0.994871795,389,391,388,"basic_0.3,0.6,0.1",387.0051282,,,
WP,0.9875,1,0.993710692,79,80,79,"basic_0.3,0.6,0.1",78.50314465,,,
CC,0.997633136,0.98943662,0.993517973,852,845,843,"basic_0.3,0.6,0.1",846.4773129,,,
DT,0.991125198,0.991125198,0.991125198,3155,3155,3127,"basic_0.3,0.6,0.1",3127,,,
PRP,0.994915254,0.984899329,0.989881956,596,590,587,"basic_0.3,0.6,0.1",589.9696459,,,
POS,0.979746835,0.99742268,0.988505747,388,395,387,"basic_0.3,0.6,0.1",383.5402299,,,
PRP$,0.975460123,1,0.98757764,318,326,318,"basic_0.3,0.6,0.1",314.0496894,,,
IN,0.966436075,0.969416602,0.967924044,3891,3903,3772,"basic_0.3,0.6,0.1",3766.192456,,,
CD,0.988533989,0.89739777,0.940763835,1345,1221,1207,"basic_0.3,0.6,0.1",1265.327358,,,
VBZ,0.976997579,0.88876652,0.930795848,908,826,807,"basic_0.3,0.6,0.1",845.1626298,,,
EX,0.842105263,0.96969697,0.901408451,33,38,32,"basic_0.3,0.6,0.1",29.74647887,,,
JJS,0.859375,0.93220339,0.894308943,59,64,55,"basic_0.3,0.6,0.1",52.76422764,,,
NNS,0.941327844,0.84911792,0.892848426,2154,1943,1829,"basic_0.3,0.6,0.1",1923.195509,,,
VB,0.86302682,0.906438632,0.884200196,994,1044,901,"basic_0.3,0.6,0.1",878.8949951,,,
VBD,0.893577982,0.855887522,0.87432675,1138,1090,974,"basic_0.3,0.6,0.1",994.983842,,,
NN,0.826197326,0.924621212,0.872642774,5280,5909,4882,"basic_0.3,0.6,0.1",4607.553848,,,
NNP,0.841296519,0.904024768,0.871533391,3876,4165,3504,"basic_0.3,0.6,0.1",3378.063425,,,
RB,0.89261745,0.816666667,0.85295465,1140,1043,931,"basic_0.3,0.6,0.1",972.3683005,,,
WDT,0.75862069,0.885057471,0.816976127,174,203,154,"basic_0.3,0.6,0.1",142.1538462,,,
VBP,0.835025381,0.763341067,0.797575758,431,394,329,"basic_0.3,0.6,0.1",343.7551515,,,
JJR,0.745454545,0.845360825,0.792270531,97,110,82,"basic_0.3,0.6,0.1",76.85024155,,,
VBG,0.959810875,0.653784219,0.777777778,621,423,406,"basic_0.3,0.6,0.1",483,,,
JJ,0.786744815,0.759025663,0.772636706,2299,2218,1745,"basic_0.3,0.6,0.1",1776.291787,,,
VBN,0.716488731,0.722488038,0.719475878,836,843,604,"basic_0.3,0.6,0.1",601.4818344,,,
RP,0.695121951,0.606382979,0.647727273,94,82,57,"basic_0.3,0.6,0.1",60.88636364,,,
RBS,0.75,0.428571429,0.545454545,14,8,6,"basic_0.3,0.6,0.1",7.636363636,,,
RBR,0.481481481,0.209677419,0.292134831,62,27,13,"basic_0.3,0.6,0.1",18.11235955,,,
NNPS,0.333333333,0.04587156,0.080645161,109,15,5,"basic_0.3,0.6,0.1",8.790322581,,,
PDT,1,0,0,19,0,0,"basic_0.3,0.6,0.1",0,,,
FW,0,1,0,1,6,0,"basic_0.3,0.6,0.1",0,,,
UH,0,1,0,3,1,0,"basic_0.3,0.6,0.1",0,,,
``,1,1,1,237,237,237,"basic_0.34,0.33,0.33",237,,,
-LRB-,1,1,1,54,54,54,"basic_0.34,0.33,0.33",54,,,
",",1,1,1,1865,1865,1865,"basic_0.34,0.33,0.33",1865,,,
-RRB-,1,1,1,54,54,54,"basic_0.34,0.33,0.33",54,,,
TO,1,1,1,806,806,806,"basic_0.34,0.33,0.33",806,,,
.,1,1,1,1485,1485,1485,"basic_0.34,0.33,0.33",1485,,,
:,1,1,1,124,124,124,"basic_0.34,0.33,0.33",124,,,
WRB,1,1,1,75,75,75,"basic_0.34,0.33,0.33",75,,,
SYM,1,1,1,0,0,0,"basic_0.34,0.33,0.33",0,,,
#,1,1,1,0,0,0,"basic_0.34,0.33,0.33",0,,,
LS,1,1,1,0,0,0,"basic_0.34,0.33,0.33",0,,,
WP$,1,1,1,14,14,14,"basic_0.34,0.33,0.33",14,,,
'',1,0.995689655,0.997840173,232,231,231,"basic_0.34,0.33,0.33",231.4989201,,,
$,1,0.992673993,0.996323529,273,271,271,"basic_0.34,0.33,0.33",271.9963235,,,
MD,0.992327366,0.997429306,0.994871795,389,391,388,"basic_0.34,0.33,0.33",387.0051282,,,
WP,0.9875,1,0.993710692,79,80,79,"basic_0.34,0.33,0.33",78.50314465,,,
CC,0.997633136,0.98943662,0.993517973,852,845,843,"basic_0.34,0.33,0.33",846.4773129,,,
DT,0.991125198,0.991125198,0.991125198,3155,3155,3127,"basic_0.34,0.33,0.33",3127,,,
PRP,0.994915254,0.984899329,0.989881956,596,590,587,"basic_0.34,0.33,0.33",589.9696459,,,
POS,0.979746835,0.99742268,0.988505747,388,395,387,"basic_0.34,0.33,0.33",383.5402299,,,
PRP$,0.975460123,1,0.98757764,318,326,318,"basic_0.34,0.33,0.33",314.0496894,,,
IN,0.958638083,0.976869699,0.967668024,3891,3965,3801,"basic_0.34,0.33,0.33",3765.196283,,,
CD,0.986949429,0.899628253,0.941267989,1345,1226,1210,"basic_0.34,0.33,0.33",1266.005445,,,
VBZ,0.980487805,0.885462555,0.930555556,908,820,804,"basic_0.34,0.33,0.33",844.9444444,,,
EX,0.846153846,1,0.916666667,33,39,33,"basic_0.34,0.33,0.33",30.25,,,
JJS,0.859375,0.93220339,0.894308943,59,64,55,"basic_0.34,0.33,0.33",52.76422764,,,
NNS,0.941752577,0.848189415,0.892525647,2154,1940,1827,"basic_0.34,0.33,0.33",1922.500244,,,
NNP,0.844773223,0.898606811,0.870858857,3876,4123,3483,"basic_0.34,0.33,0.33",3375.448931,,,
NN,0.81461794,0.928787879,0.867964602,5280,6020,4904,"basic_0.34,0.33,0.33",4582.853097,,,
VB,0.845419847,0.891348089,0.86777669,994,1048,886,"basic_0.34,0.33,0.33",862.5700294,,,
VBD,0.872187219,0.851493849,0.861716318,1138,1111,969,"basic_0.34,0.33,0.33",980.6331703,,,
RB,0.892857143,0.811403509,0.850183824,1140,1036,925,"basic_0.34,0.33,0.33",969.2095588,,,
JJR,0.716666667,0.886597938,0.792626728,97,120,86,"basic_0.34,0.33,0.33",76.88479263,,,
WDT,0.857142857,0.724137931,0.785046729,174,147,126,"basic_0.34,0.33,0.33",136.5981308,,,
VBP,0.842391304,0.719257541,0.775969962,431,368,310,"basic_0.34,0.33,0.33",334.4430538,,,
JJ,0.785071942,0.759460635,0.772053946,2299,2224,1746,"basic_0.34,0.33,0.33",1774.952023,,,
VBG,0.96836983,0.640901771,0.771317829,621,411,398,"basic_0.34,0.33,0.33",478.9883721,,,
VBN,0.725888325,0.684210526,0.704433498,836,788,572,"basic_0.34,0.33,0.33",588.9064039,,,
RP,0.696202532,0.585106383,0.63583815,94,79,55,"basic_0.34,0.33,0.33",59.76878613,,,
RBS,0.75,0.428571429,0.545454545,14,8,6,"basic_0.34,0.33,0.33",7.636363636,,,
RBR,0.470588235,0.129032258,0.202531646,62,17,8,"basic_0.34,0.33,0.33",12.55696203,,,
NNPS,0.333333333,0.04587156,0.080645161,109,15,5,"basic_0.34,0.33,0.33",8.790322581,,,
PDT,1,0,0,19,0,0,"basic_0.34,0.33,0.33",0,,,
FW,0,1,0,1,6,0,"basic_0.34,0.33,0.33",0,,,
UH,0,1,0,3,1,0,"basic_0.34,0.33,0.33",0,,,
``,1,1,1,237,237,237,"basic_0.5,0.0,0.5",237,,,
-LRB-,1,1,1,54,54,54,"basic_0.5,0.0,0.5",54,,,
",",1,1,1,1865,1865,1865,"basic_0.5,0.0,0.5",1865,,,
-RRB-,1,1,1,54,54,54,"basic_0.5,0.0,0.5",54,,,
TO,1,1,1,806,806,806,"basic_0.5,0.0,0.5",806,,,
.,1,1,1,1485,1485,1485,"basic_0.5,0.0,0.5",1485,,,
:,1,1,1,124,124,124,"basic_0.5,0.0,0.5",124,,,
WRB,1,1,1,75,75,75,"basic_0.5,0.0,0.5",75,,,
SYM,1,1,1,0,0,0,"basic_0.5,0.0,0.5",0,,,
#,1,1,1,0,0,0,"basic_0.5,0.0,0.5",0,,,
LS,1,1,1,0,0,0,"basic_0.5,0.0,0.5",0,,,
WP$,1,1,1,14,14,14,"basic_0.5,0.0,0.5",14,,,
'',1,0.995689655,0.997840173,232,231,231,"basic_0.5,0.0,0.5",231.4989201,,,
$,1,0.992673993,0.996323529,273,271,271,"basic_0.5,0.0,0.5",271.9963235,,,
MD,0.992327366,0.997429306,0.994871795,389,391,388,"basic_0.5,0.0,0.5",387.0051282,,,
WP,0.9875,1,0.993710692,79,80,79,"basic_0.5,0.0,0.5",78.50314465,,,
CC,0.997633136,0.98943662,0.993517973,852,845,843,"basic_0.5,0.0,0.5",846.4773129,,,
DT,0.991111111,0.989540412,0.990325139,3155,3150,3122,"basic_0.5,0.0,0.5",3124.475813,,,
PRP,0.994915254,0.984899329,0.989881956,596,590,587,"basic_0.5,0.0,0.5",589.9696459,,,
PRP$,0.975460123,1,0.98757764,318,326,318,"basic_0.5,0.0,0.5",314.0496894,,,
POS,0.941747573,1,0.97,388,412,388,"basic_0.5,0.0,0.5",376.36,,,
IN,0.954830615,0.977897713,0.966226511,3891,3985,3805,"basic_0.5,0.0,0.5",3759.587354,,,
CD,0.989379085,0.900371747,0.942779292,1345,1224,1211,"basic_0.5,0.0,0.5",1268.038147,,,
VBZ,0.98,0.863436123,0.918032787,908,800,784,"basic_0.5,0.0,0.5",833.5737705,,,
EX,0.846153846,1,0.916666667,33,39,33,"basic_0.5,0.0,0.5",30.25,,,
JJS,0.859375,0.93220339,0.894308943,59,64,55,"basic_0.5,0.0,0.5",52.76422764,,,
NNS,0.922886802,0.866759517,0.893943021,2154,2023,1867,"basic_0.5,0.0,0.5",1925.553268,,,
NNP,0.845025666,0.891898865,0.867829798,3876,4091,3457,"basic_0.5,0.0,0.5",3363.708297,,,
NN,0.799901672,0.924431818,0.857670005,5280,6102,4881,"basic_0.5,0.0,0.5",4528.497628,,,
VBD,0.874080882,0.835676626,0.854447439,1138,1088,951,"basic_0.5,0.0,0.5",972.361186,,,
VB,0.83655706,0.870221328,0.853057199,994,1034,865,"basic_0.5,0.0,0.5",847.938856,,,
RB,0.902654867,0.805263158,0.851182197,1140,1017,918,"basic_0.5,0.0,0.5",970.3477051,,,
JJR,0.692913386,0.907216495,0.785714286,97,127,88,"basic_0.5,0.0,0.5",76.21428571,,,
VBP,0.882697947,0.69837587,0.779792746,431,341,301,"basic_0.5,0.0,0.5",336.0906736,,,
JJ,0.783056925,0.759895607,0.771302428,2299,2231,1747,"basic_0.5,0.0,0.5",1773.224283,,,
WDT,0.857142857,0.689655172,0.76433121,174,140,120,"basic_0.5,0.0,0.5",132.9936306,,,
VBG,0.967821782,0.62962963,0.762926829,621,404,391,"basic_0.5,0.0,0.5",473.777561,,,
VBN,0.748290014,0.65430622,0.69814933,836,731,547,"basic_0.5,0.0,0.5",583.6528398,,,
RP,0.706666667,0.563829787,0.627218935,94,75,53,"basic_0.5,0.0,0.5",58.95857988,,,
RBS,0.75,0.428571429,0.545454545,14,8,6,"basic_0.5,0.0,0.5",7.636363636,,,
RBR,0.611111111,0.177419355,0.275,62,18,11,"basic_0.5,0.0,0.5",17.05,,,
NNPS,0.333333333,0.04587156,0.080645161,109,15,5,"basic_0.5,0.0,0.5",8.790322581,,,
PDT,1,0,0,19,0,0,"basic_0.5,0.0,0.5",0,,,
FW,0,1,0,1,6,0,"basic_0.5,0.0,0.5",0,,,
UH,0,1,0,3,1,0,"basic_0.5,0.0,0.5",0,,,
``,1,1,1,237,237,237,"basic_0.5,0.25,0.25",237,,,
-LRB-,1,1,1,54,54,54,"basic_0.5,0.25,0.25",54,,,
",",1,1,1,1865,1865,1865,"basic_0.5,0.25,0.25",1865,,,
-RRB-,1,1,1,54,54,54,"basic_0.5,0.25,0.25",54,,,
TO,1,1,1,806,806,806,"basic_0.5,0.25,0.25",806,,,
.,1,1,1,1485,1485,1485,"basic_0.5,0.25,0.25",1485,,,
:,1,1,1,124,124,124,"basic_0.5,0.25,0.25",124,,,
WRB,1,1,1,75,75,75,"basic_0.5,0.25,0.25",75,,,
SYM,1,1,1,0,0,0,"basic_0.5,0.25,0.25",0,,,
#,1,1,1,0,0,0,"basic_0.5,0.25,0.25",0,,,
LS,1,1,1,0,0,0,"basic_0.5,0.25,0.25",0,,,
WP$,1,1,1,14,14,14,"basic_0.5,0.25,0.25",14,,,
'',1,0.995689655,0.997840173,232,231,231,"basic_0.5,0.25,0.25",231.4989201,,,
$,1,0.992673993,0.996323529,273,271,271,"basic_0.5,0.25,0.25",271.9963235,,,
MD,0.992327366,0.997429306,0.994871795,389,391,388,"basic_0.5,0.25,0.25",387.0051282,,,
WP,0.9875,1,0.993710692,79,80,79,"basic_0.5,0.25,0.25",78.50314465,,,
CC,0.997633136,0.98943662,0.993517973,852,845,843,"basic_0.5,0.25,0.25",846.4773129,,,
DT,0.991125198,0.991125198,0.991125198,3155,3155,3127,"basic_0.5,0.25,0.25",3127,,,
PRP,0.994915254,0.984899329,0.989881956,596,590,587,"basic_0.5,0.25,0.25",589.9696459,,,
POS,0.979746835,0.99742268,0.988505747,388,395,387,"basic_0.5,0.25,0.25",383.5402299,,,
PRP$,0.975460123,1,0.98757764,318,326,318,"basic_0.5,0.25,0.25",314.0496894,,,
IN,0.960283329,0.975584683,0.967873534,3891,3953,3796,"basic_0.5,0.25,0.25",3765.99592,,,
CD,0.98776509,0.900371747,0.942045897,1345,1226,1211,"basic_0.5,0.25,0.25",1267.051731,,,
VBZ,0.975845411,0.889867841,0.930875576,908,828,808,"basic_0.5,0.25,0.25",845.235023,,,
EX,0.846153846,1,0.916666667,33,39,33,"basic_0.5,0.25,0.25",30.25,,,
JJS,0.859375,0.93220339,0.894308943,59,64,55,"basic_0.5,0.25,0.25",52.76422764,,,
NNS,0.926294821,0.863509749,0.893801057,2154,2008,1860,"basic_0.5,0.25,0.25",1925.247477,,,
VB,0.858108108,0.894366197,0.875862069,994,1036,889,"basic_0.5,0.25,0.25",870.6068966,,,
NN,0.824991545,0.92405303,0.871716991,5280,5914,4879,"basic_0.5,0.25,0.25",4602.665714,,,
NNP,0.844304105,0.896800826,0.869761041,3876,4117,3476,"basic_0.5,0.25,0.25",3371.193795,,,
VBD,0.880542986,0.855008787,0.867588052,1138,1105,973,"basic_0.5,0.25,0.25",987.3152029,,,
RB,0.892307692,0.814035088,0.851376147,1140,1040,928,"basic_0.5,0.25,0.25",970.5688073,,,
JJR,0.722689076,0.886597938,0.796296296,97,119,86,"basic_0.5,0.25,0.25",77.24074074,,,
VBP,0.845549738,0.749419954,0.794587946,431,382,323,"basic_0.5,0.25,0.25",342.4674047,,,
WDT,0.828025478,0.747126437,0.785498489,174,157,130,"basic_0.5,0.25,0.25",136.6767372,,,
VBG,0.968599034,0.645732689,0.774879227,621,414,401,"basic_0.5,0.25,0.25",481.2,,,
JJ,0.785361473,0.76076555,0.772867875,2299,2227,1749,"basic_0.5,0.25,0.25",1776.823243,,,
VBN,0.723170732,0.709330144,0.716183575,836,820,593,"basic_0.5,0.25,0.25",598.7294686,,,
RP,0.696202532,0.585106383,0.63583815,94,79,55,"basic_0.5,0.25,0.25",59.76878613,,,
RBS,0.75,0.428571429,0.545454545,14,8,6,"basic_0.5,0.25,0.25",7.636363636,,,
RBR,0.5,0.14516129,0.225,62,18,9,"basic_0.5,0.25,0.25",13.95,,,
NNPS,0.333333333,0.04587156,0.080645161,109,15,5,"basic_0.5,0.25,0.25",8.790322581,,,
PDT,1,0,0,19,0,0,"basic_0.5,0.25,0.25",0,,,
FW,0,1,0,1,6,0,"basic_0.5,0.25,0.25",0,,,
UH,0,1,0,3,1,0,"basic_0.5,0.25,0.25",0,,,
``,1,1,1,237,237,237,"basic_0.5,0.5,0.0",237,,,
-LRB-,1,1,1,54,54,54,"basic_0.5,0.5,0.0",54,,,
",",1,1,1,1865,1865,1865,"basic_0.5,0.5,0.0",1865,,,
-RRB-,1,1,1,54,54,54,"basic_0.5,0.5,0.0",54,,,
TO,1,1,1,806,806,806,"basic_0.5,0.5,0.0",806,,,
.,1,1,1,1485,1485,1485,"basic_0.5,0.5,0.0",1485,,,
:,1,1,1,124,124,124,"basic_0.5,0.5,0.0",124,,,
WRB,1,1,1,75,75,75,"basic_0.5,0.5,0.0",75,,,
SYM,1,1,1,0,0,0,"basic_0.5,0.5,0.0",0,,,
#,1,1,1,0,0,0,"basic_0.5,0.5,0.0",0,,,
LS,1,1,1,0,0,0,"basic_0.5,0.5,0.0",0,,,
WP$,1,1,1,14,14,14,"basic_0.5,0.5,0.0",14,,,
'',1,0.995689655,0.997840173,232,231,231,"basic_0.5,0.5,0.0",231.4989201,,,
$,1,0.992673993,0.996323529,273,271,271,"basic_0.5,0.5,0.0",271.9963235,,,
MD,0.994871795,0.997429306,0.996148909,389,390,388,"basic_0.5,0.5,0.0",387.5019255,,,
WP,0.9875,1,0.993710692,79,80,79,"basic_0.5,0.5,0.0",78.50314465,,,
CC,0.997633136,0.98943662,0.993517973,852,845,843,"basic_0.5,0.5,0.0",846.4773129,,,
DT,0.991125198,0.991125198,0.991125198,3155,3155,3127,"basic_0.5,0.5,0.0",3127,,,
PRP,0.994915254,0.984899329,0.989881956,596,590,587,"basic_0.5,0.5,0.0",589.9696459,,,
POS,0.979746835,0.99742268,0.988505747,388,395,387,"basic_0.5,0.5,0.0",383.5402299,,,
PRP$,0.975460123,1,0.98757764,318,326,318,"basic_0.5,0.5,0.0",314.0496894,,,
IN,0.966658117,0.968645592,0.967650834,3891,3899,3769,"basic_0.5,0.5,0.0",3765.129397,,,
CD,0.986145069,0.899628253,0.940902022,1345,1227,1210,"basic_0.5,0.5,0.0",1265.513219,,,
VBZ,0.974729242,0.892070485,0.931569868,908,831,810,"basic_0.5,0.5,0.0",845.8654399,,,
JJS,0.887096774,0.93220339,0.909090909,59,62,55,"basic_0.5,0.5,0.0",53.63636364,,,
EX,0.842105263,0.96969697,0.901408451,33,38,32,"basic_0.5,0.5,0.0",29.74647887,,,
NNS,0.934417895,0.853296193,0.892016501,2154,1967,1838,"basic_0.5,0.5,0.0",1921.403543,,,
VB,0.873429952,0.90945674,0.891079349,994,1035,904,"basic_0.5,0.5,0.0",885.7328733,,,
NN,0.83131709,0.92405303,0.875235447,5280,5869,4879,"basic_0.5,0.5,0.0",4621.243161,,,
NNP,0.845520581,0.900928793,0.872345741,3876,4130,3492,"basic_0.5,0.5,0.0",3381.212091,,,
VBD,0.887978142,0.856766257,0.872093023,1138,1098,975,"basic_0.5,0.5,0.0",992.4418605,,,
RB,0.888465205,0.81754386,0.851530379,1140,1049,932,"basic_0.5,0.5,0.0",970.7446323,,,
WDT,0.754901961,0.885057471,0.814814815,174,204,154,"basic_0.5,0.5,0.0",141.7777778,,,
VBP,0.848484848,0.779582367,0.812575574,431,396,336,"basic_0.5,0.5,0.0",350.2200726,,,
JJR,0.745454545,0.845360825,0.792270531,97,110,82,"basic_0.5,0.5,0.0",76.85024155,,,
VBG,0.957845433,0.658615137,0.780534351,621,427,409,"basic_0.5,0.5,0.0",484.7118321,,,
JJ,0.786607143,0.766420183,0.776382463,2299,2240,1762,"basic_0.5,0.5,0.0",1784.903283,,,
VBN,0.712616822,0.729665072,0.721040189,836,856,610,"basic_0.5,0.5,0.0",602.7895981,,,
RBS,0.8,0.571428571,0.666666667,14,10,8,"basic_0.5,0.5,0.0",9.333333333,,,
RP,0.6875,0.585106383,0.632183908,94,80,55,"basic_0.5,0.5,0.0",59.42528736,,,
RBR,0.481481481,0.209677419,0.292134831,62,27,13,"basic_0.5,0.5,0.0",18.11235955,,,
NNPS,0.333333333,0.04587156,0.080645161,109,15,5,"basic_0.5,0.5,0.0",8.790322581,,,
PDT,1,0,0,19,0,0,"basic_0.5,0.5,0.0",0,,,
FW,0,1,0,1,6,0,"basic_0.5,0.5,0.0",0,,,
UH,0,1,0,3,1,0,"basic_0.5,0.5,0.0",0,,,
``,1,1,1,237,237,237,"basic_0.6,0.3,0.1",237,,,
-LRB-,1,1,1,54,54,54,"basic_0.6,0.3,0.1",54,,,
",",1,1,1,1865,1865,1865,"basic_0.6,0.3,0.1",1865,,,
-RRB-,1,1,1,54,54,54,"basic_0.6,0.3,0.1",54,,,
TO,1,1,1,806,806,806,"basic_0.6,0.3,0.1",806,,,
.,1,1,1,1485,1485,1485,"basic_0.6,0.3,0.1",1485,,,
:,1,1,1,124,124,124,"basic_0.6,0.3,0.1",124,,,
WRB,1,1,1,75,75,75,"basic_0.6,0.3,0.1",75,,,
SYM,1,1,1,0,0,0,"basic_0.6,0.3,0.1",0,,,
#,1,1,1,0,0,0,"basic_0.6,0.3,0.1",0,,,
LS,1,1,1,0,0,0,"basic_0.6,0.3,0.1",0,,,
WP$,1,1,1,14,14,14,"basic_0.6,0.3,0.1",14,,,
'',1,0.995689655,0.997840173,232,231,231,"basic_0.6,0.3,0.1",231.4989201,,,
$,1,0.992673993,0.996323529,273,271,271,"basic_0.6,0.3,0.1",271.9963235,,,
MD,0.992327366,0.997429306,0.994871795,389,391,388,"basic_0.6,0.3,0.1",387.0051282,,,
WP,0.9875,1,0.993710692,79,80,79,"basic_0.6,0.3,0.1",78.50314465,,,
CC,0.997633136,0.98943662,0.993517973,852,845,843,"basic_0.6,0.3,0.1",846.4773129,,,
DT,0.991125198,0.991125198,0.991125198,3155,3155,3127,"basic_0.6,0.3,0.1",3127,,,
PRP,0.994915254,0.984899329,0.989881956,596,590,587,"basic_0.6,0.3,0.1",589.9696459,,,
POS,0.982233503,0.99742268,0.989769821,388,394,387,"basic_0.6,0.3,0.1",384.0306905,,,
PRP$,0.975460123,1,0.98757764,318,326,318,"basic_0.6,0.3,0.1",314.0496894,,,
IN,0.966188525,0.969416602,0.967799872,3891,3904,3772,"basic_0.6,0.3,0.1",3765.709301,,,
CD,0.986156352,0.900371747,0.941313642,1345,1228,1211,"basic_0.6,0.3,0.1",1266.066848,,,
VBZ,0.974789916,0.894273128,0.932797243,908,833,812,"basic_0.6,0.3,0.1",846.9798966,,,
JJS,0.873015873,0.93220339,0.901639344,59,63,55,"basic_0.6,0.3,0.1",53.19672131,,,
EX,0.842105263,0.96969697,0.901408451,33,38,32,"basic_0.6,0.3,0.1",29.74647887,,,
NNS,0.924332344,0.867688022,0.895114943,2154,2022,1869,"basic_0.6,0.3,0.1",1928.077586,,,
VB,0.872093023,0.905432596,0.888450148,994,1032,900,"basic_0.6,0.3,0.1",883.1194472,,,
NN,0.832706124,0.921969697,0.87506741,5280,5846,4868,"basic_0.6,0.3,0.1",4620.355923,,,
VBD,0.885766092,0.858523726,0.871932173,1138,1103,977,"basic_0.6,0.3,0.1",992.258813,,,
NNP,0.847465887,0.897316821,0.871679198,3876,4104,3478,"basic_0.6,0.3,0.1",3378.628571,,,
RB,0.888145315,0.814912281,0.849954254,1140,1046,929,"basic_0.6,0.3,0.1",968.94785,,,
WDT,0.75862069,0.885057471,0.816976127,174,203,154,"basic_0.6,0.3,0.1",142.1538462,,,
VBP,0.847328244,0.77262181,0.808252427,431,393,333,"basic_0.6,0.3,0.1",348.3567961,,,
JJR,0.738738739,0.845360825,0.788461538,97,111,82,"basic_0.6,0.3,0.1",76.48076923,,,
VBG,0.946511628,0.655394525,0.774500476,621,430,407,"basic_0.6,0.3,0.1",480.9647954,,,
JJ,0.784787472,0.762940409,0.773709749,2299,2235,1754,"basic_0.6,0.3,0.1",1778.758712,,,
VBN,0.715801887,0.726076555,0.720902613,836,848,607,"basic_0.6,0.3,0.1",602.6745843,,,
RP,0.679012346,0.585106383,0.628571429,94,81,55,"basic_0.6,0.3,0.1",59.08571429,,,
RBS,0.777777778,0.5,0.608695652,14,9,7,"basic_0.6,0.3,0.1",8.52173913,,,
RBR,0.5,0.209677419,0.295454545,62,26,13,"basic_0.6,0.3,0.1",18.31818182,,,
NNPS,0.333333333,0.04587156,0.080645161,109,15,5,"basic_0.6,0.3,0.1",8.790322581,,,
PDT,1,0,0,19,0,0,"basic_0.6,0.3,0.1",0,,,
FW,0,1,0,1,6,0,"basic_0.6,0.3,0.1",0,,,
UH,0,1,0,3,1,0,"basic_0.6,0.3,0.1",0,,,
